card_id,total_transactions,total_spending,avg_amount,std_amount,min_amount,max_amount,active_days,favorite_window,num_windows_used,weekly_avg_transactions,daily_avg_spending,meal_午餐,meal_晚餐,lunch_ratio,cluster,cluster_label
U0001,151,2037.6,13.494039735099337,4.219466503213876,6.7,25.1,96,W03,8,7.864583333333334,21.225,92,59,0.609271523178808,1,规律经济型
U0002,83,1625.8,19.587951807228915,6.309988164156529,6.4,31.4,64,W08,8,6.484375,25.403125,49,34,0.5903614457831325,0,高消费型
U0003,33,448.9,13.603030303030302,4.7079377683124735,7.5,25.2,31,W02,6,5.32258064516129,14.480645161290322,23,10,0.696969696969697,2,偶尔就餐型
U0004,90,1093.8,12.153333333333332,4.960341597515734,5.4,24.1,71,W07,8,6.338028169014085,15.4056338028169,49,41,0.5444444444444444,3,规律高消费型
U0005,141,2083.4,14.775886524822695,4.910570241969575,5.4,26.1,92,W02,8,7.663043478260869,22.64565217391305,86,55,0.6099290780141844,1,规律经济型
U0006,154,1951.8,12.674025974025971,3.445709754424949,5.8,20.6,95,W04,8,8.105263157894736,20.545263157894738,88,66,0.5714285714285714,1,规律经济型
U0007,145,1567.7,10.811724137931035,3.097277107222924,5.1,21.3,94,W05,8,7.712765957446809,16.677659574468084,91,54,0.6275862068965518,1,规律经济型
U0008,34,413.9,12.173529411764704,4.669391552312325,6.2,23.9,33,W05,8,5.151515151515151,12.54242424242424,18,16,0.5294117647058824,2,偶尔就餐型
U0009,82,1104.4,13.46829268292683,3.600235865002389,6.9,21.7,72,W03,8,5.694444444444445,15.33888888888889,57,25,0.6951219512195121,3,规律高消费型
U0010,17,202.4,11.905882352941177,3.276520751543338,5.9,19.1,17,W05,7,5.0,11.905882352941177,10,7,0.5882352941176471,2,偶尔就餐型
U0011,149,2242.4,15.049664429530202,4.711051184715571,5.1,24.9,93,W08,8,8.010752688172042,24.11182795698925,82,67,0.5503355704697986,1,规律经济型
U0012,67,1258.0,18.776119402985078,4.98376423247738,8.5,28.2,56,W08,8,5.982142857142857,22.464285714285715,37,30,0.5522388059701493,0,高消费型
U0013,21,254.9,12.138095238095238,3.895571356101207,7.8,21.4,21,W01,5,5.0,12.138095238095238,8,13,0.3809523809523809,2,偶尔就餐型
U0014,137,1595.6,11.646715328467153,3.9315662777457314,6.0,25.4,92,W02,8,7.445652173913043,17.343478260869563,88,49,0.6423357664233577,1,规律经济型
U0015,141,1770.8,12.55886524822695,4.651974556526444,4.9,22.2,94,W03,8,7.5,18.838297872340423,84,57,0.5957446808510638,1,规律经济型
U0016,144,1956.4,13.586111111111112,3.910352247669602,4.8,22.5,92,W04,8,7.826086956521739,21.26521739130435,84,60,0.5833333333333334,1,规律经济型
U0017,156,2252.3,14.437820512820512,5.679179210899407,5.2,25.6,95,W08,8,8.210526315789474,23.708421052631586,91,65,0.5833333333333334,1,规律经济型
U0018,79,1034.8,13.098734177215189,3.717818966051167,7.5,22.1,65,W04,8,6.076923076923077,15.92,49,30,0.620253164556962,3,规律高消费型
U0019,90,1215.0,13.5,4.379702929744094,6.4,25.0,71,W01,8,6.338028169014085,17.112676056338028,64,26,0.7111111111111111,3,规律高消费型
U0020,140,1977.6,14.125714285714285,4.843231150310092,5.2,24.2,91,W08,8,7.6923076923076925,21.73186813186813,85,55,0.6071428571428571,1,规律经济型
U0021,94,1507.7,16.03936170212766,4.4397088465301815,5.5,24.9,75,W08,8,6.266666666666668,20.102666666666668,51,43,0.5425531914893617,3,规律高消费型
U0022,143,1924.3,13.456643356643356,4.313580902555984,6.0,24.6,94,W05,8,7.606382978723404,20.47127659574468,84,59,0.5874125874125874,1,规律经济型
U0023,156,2067.0,13.25,4.683650354708526,5.1,23.9,96,W02,8,8.125,21.53125,93,63,0.5961538461538461,1,规律经济型
U0024,133,1630.9,12.262406015037596,3.839124772095994,5.1,23.1,89,W05,8,7.471910112359551,18.324719101123595,85,48,0.6390977443609023,1,规律经济型
U0025,107,1568.6,14.659813084112148,4.491435451786327,6.3,25.5,78,W06,8,6.85897435897436,20.110256410256408,59,48,0.5514018691588785,3,规律高消费型
U0026,29,369.7,12.748275862068963,3.266127095949659,6.0,19.5,27,W04,7,5.370370370370371,13.692592592592591,16,13,0.5517241379310345,2,偶尔就餐型
U0027,164,1969.4,12.008536585365857,3.260667296660638,6.0,23.7,97,W05,8,8.45360824742268,20.30309278350516,97,67,0.5914634146341463,1,规律经济型
U0028,80,1148.1,14.35125,5.264834226296184,5.7,25.4,64,W08,8,6.25,17.9390625,39,41,0.4875,3,规律高消费型
U0029,98,1451.1,14.807142857142855,5.346918372527695,5.4,25.5,72,W03,7,6.805555555555555,20.154166666666665,56,42,0.5714285714285714,3,规律高消费型
U0030,138,1919.8,13.91159420289855,6.175606267277191,5.3,25.9,92,W08,8,7.5,20.867391304347827,87,51,0.6304347826086957,1,规律经济型
U0031,93,1220.5,13.123655913978494,5.246704925567102,5.6,26.1,76,W04,8,6.118421052631579,16.05921052631579,62,31,0.6666666666666666,3,规律高消费型
U0032,147,1990.9,13.543537414965988,4.266259277505951,5.3,25.6,94,W01,8,7.819148936170213,21.179787234042557,91,56,0.6190476190476191,1,规律经济型
U0033,153,2019.6,13.2,4.346368720280364,6.4,24.9,92,W04,8,8.315217391304348,21.95217391304348,84,69,0.5490196078431373,1,规律经济型
U0034,60,1202.5,20.041666666666668,5.547339923421739,7.5,29.8,52,W03,8,5.769230769230768,23.125,36,24,0.6,0,高消费型
U0035,58,1176.0,20.27586206896552,6.287618307486648,9.5,31.8,49,W04,7,5.918367346938775,24.0,32,26,0.5517241379310345,0,高消费型
U0036,15,206.9,13.793333333333331,3.8177155971801215,8.1,19.3,15,W08,7,5.0,13.793333333333331,13,2,0.8666666666666667,2,偶尔就餐型
U0037,151,1811.6,11.997350993377482,3.692694535969951,5.3,22.6,94,W02,8,8.03191489361702,19.272340425531915,87,64,0.5761589403973509,1,规律经济型
U0038,151,1620.2,10.729801324503311,3.5994776417694605,5.1,22.6,92,W07,8,8.206521739130434,17.610869565217392,84,67,0.5562913907284768,1,规律经济型
U0039,96,1526.5,15.901041666666666,5.155160823294951,7.5,25.7,73,W08,8,6.575342465753424,20.910958904109588,59,37,0.6145833333333334,3,规律高消费型
U0040,100,1224.7,12.247,4.123827167213789,5.5,25.8,77,W06,8,6.493506493506493,15.905194805194808,61,39,0.61,3,规律高消费型
U0041,139,1938.0,13.942446043165468,4.466898843477951,5.5,25.2,95,W06,8,7.315789473684211,20.4,86,53,0.6187050359712231,1,规律经济型
U0042,92,1109.2,12.056521739130435,4.021188505842796,5.1,20.9,71,W06,7,6.47887323943662,15.622535211267609,39,53,0.4239130434782608,3,规律高消费型
U0043,138,1522.5,11.032608695652174,4.25801370785419,4.9,22.2,92,W07,8,7.5,16.54891304347826,85,53,0.6159420289855072,1,规律经济型
U0044,69,1281.3,18.569565217391304,5.37516906294518,7.1,28.7,54,W03,7,6.388888888888888,23.727777777777774,44,25,0.6376811594202898,0,高消费型
U0045,156,1956.8,12.543589743589743,4.914733340151565,5.1,22.8,97,W03,8,8.041237113402062,20.17319587628866,86,70,0.5512820512820513,1,规律经济型
U0046,86,1227.3,14.27093023255814,4.688882126378871,7.2,25.5,66,W01,8,6.515151515151515,18.595454545454544,54,32,0.627906976744186,3,规律高消费型
U0047,151,2016.8,13.356291390728476,4.4483041886235,6.0,25.2,97,W02,8,7.783505154639175,20.79175257731959,86,65,0.5695364238410596,1,规律经济型
U0048,87,1154.7,13.272413793103448,4.971422744632974,6.5,25.1,69,W02,8,6.304347826086957,16.734782608695653,51,36,0.5862068965517241,3,规律高消费型
U0049,111,1560.0,14.054054054054054,4.690915471492527,5.3,24.1,78,W08,8,7.115384615384616,20.0,56,55,0.5045045045045045,3,规律高消费型
U0050,136,1695.1,12.463970588235291,3.655106479557923,5.0,20.4,90,W04,7,7.555555555555555,18.834444444444443,83,53,0.6102941176470589,1,规律经济型
U0051,64,1155.8,18.059375,4.856536055700344,8.7,28.4,52,W03,8,6.153846153846154,22.226923076923075,36,28,0.5625,0,高消费型
U0052,27,347.9,12.885185185185184,4.1032542154605975,6.4,24.1,25,W06,7,5.4,13.916,21,6,0.7777777777777778,2,偶尔就餐型
U0053,70,1398.0,19.97142857142857,5.058502466636637,9.4,31.6,57,W03,8,6.140350877192983,24.526315789473685,39,31,0.5571428571428572,0,高消费型
U0054,32,363.8,11.36875,3.206891520741925,5.9,22.2,30,W02,7,5.333333333333333,12.126666666666669,20,12,0.625,2,偶尔就餐型
U0055,105,1224.2,11.65904761904762,3.747914682708835,5.2,22.2,74,W01,8,7.094594594594595,16.543243243243243,59,46,0.5619047619047619,3,规律高消费型
U0056,72,1314.7,18.259722222222223,5.29290409175999,5.8,28.7,57,W04,7,6.315789473684211,23.064912280701755,34,38,0.4722222222222222,0,高消费型
U0057,131,1452.4,11.08702290076336,3.9978339702040735,5.3,25.1,84,W07,8,7.797619047619047,17.29047619047619,79,52,0.6030534351145038,1,规律经济型
U0058,140,1991.6,14.225714285714284,5.698559346257264,5.2,25.7,90,W08,8,7.777777777777778,22.128888888888888,86,54,0.6142857142857143,1,规律经济型
U0059,153,1929.2,12.609150326797383,4.893609682092989,5.1,25.0,96,W03,8,7.96875,20.09583333333333,90,63,0.5882352941176471,1,规律经济型
U0060,149,1958.7,13.145637583892618,3.72035095738903,5.4,23.3,96,W05,8,7.760416666666666,20.403125,94,55,0.6308724832214765,1,规律经济型
U0061,145,1941.3,13.388275862068966,5.13605857649126,5.3,25.3,91,W08,8,7.967032967032966,21.332967032967037,87,58,0.6,1,规律经济型
U0062,153,2245.3,14.675163398692812,4.297111653035272,5.9,24.4,93,W06,8,8.225806451612904,24.143010752688173,87,66,0.5686274509803921,1,规律经济型
U0063,36,463.8,12.883333333333333,4.808415242349306,5.1,20.7,32,W05,8,5.625,14.49375,25,11,0.6944444444444444,2,偶尔就餐型
U0064,148,2275.7,15.37635135135135,3.7150065506847776,6.8,25.5,93,W03,8,7.956989247311828,24.46989247311828,83,65,0.5608108108108109,1,规律经济型
U0065,145,1510.3,10.415862068965517,3.452931038787293,5.0,23.0,93,W06,8,7.795698924731182,16.239784946236558,86,59,0.593103448275862,1,规律经济型
U0066,100,1296.7,12.967,3.3521003516715857,5.8,22.4,77,W01,8,6.493506493506493,16.84025974025974,58,42,0.58,3,规律高消费型
U0067,149,1726.0,11.583892617449663,3.100263003535954,7.3,23.3,95,W02,8,7.842105263157895,18.16842105263158,91,58,0.610738255033557,1,规律经济型
U0068,26,386.2,14.853846153846153,6.182247537537188,5.0,23.3,26,W08,6,5.0,14.853846153846153,20,6,0.7692307692307693,2,偶尔就餐型
U0069,142,1720.1,12.11338028169014,3.538546178875438,5.4,23.7,93,W01,8,7.634408602150538,18.495698924731183,89,53,0.6267605633802817,1,规律经济型
U0070,66,1307.9,19.816666666666663,5.8707248493188855,6.7,31.1,53,W04,8,6.226415094339623,24.67735849056604,31,35,0.4696969696969697,0,高消费型
U0071,28,388.0,13.857142857142858,5.228371927844558,6.7,24.7,27,W05,6,5.185185185185185,14.37037037037037,19,9,0.6785714285714286,2,偶尔就餐型
U0072,152,1632.6,10.74078947368421,2.991386204685685,4.9,23.2,92,W06,8,8.26086956521739,17.745652173913044,89,63,0.5855263157894737,1,规律经济型
U0073,141,2083.8,14.77872340425532,4.17608512007253,4.8,22.6,97,W04,8,7.268041237113402,21.48247422680413,94,47,0.6666666666666666,1,规律经济型
U0074,25,362.4,14.496,4.393127208113448,7.6,23.2,24,W01,6,5.208333333333334,15.1,17,8,0.68,2,偶尔就餐型
U0075,24,339.8,14.158333333333331,4.764991597845292,8.3,22.2,22,W02,7,5.454545454545454,15.445454545454544,10,14,0.4166666666666667,2,偶尔就餐型
U0076,31,403.1,13.003225806451614,3.707423532227176,6.1,20.2,29,W02,7,5.344827586206896,13.9,20,11,0.6451612903225806,2,偶尔就餐型
U0077,29,402.7,13.886206896551723,3.5007880886136635,8.6,20.7,25,W04,6,5.8,16.108,19,10,0.6551724137931034,2,偶尔就餐型
U0078,162,2222.3,13.717901234567902,5.024225836610605,5.1,24.5,95,W05,8,8.526315789473685,23.39263157894737,89,73,0.5493827160493827,1,规律经济型
U0079,140,2064.4,14.745714285714286,4.276914295260437,5.3,24.6,90,W06,8,7.777777777777778,22.93777777777778,87,53,0.6214285714285714,1,规律经济型
U0080,145,1983.1,13.67655172413793,3.8340581523639954,5.8,22.1,94,W01,8,7.712765957446809,21.096808510638297,92,53,0.6344827586206897,1,规律经济型
U0081,20,289.4,14.47,4.410645017872579,7.4,21.7,18,W03,5,5.555555555555555,16.077777777777776,10,10,0.5,2,偶尔就餐型
U0082,92,1227.8,13.345652173913043,4.072297540983826,7.0,23.3,71,W03,8,6.47887323943662,17.292957746478873,53,39,0.5760869565217391,3,规律高消费型
U0083,136,1683.5,12.378676470588236,3.6070590891100114,6.1,22.4,91,W01,8,7.472527472527473,18.5,88,48,0.6470588235294118,1,规律经济型
U0084,136,1683.3,12.37720588235294,4.271940610486139,4.9,23.8,89,W04,8,7.640449438202247,18.913483146067414,78,58,0.5735294117647058,1,规律经济型
U0085,145,2151.7,14.839310344827584,4.6192877119223965,6.3,26.1,95,W01,8,7.631578947368421,22.649473684210523,90,55,0.6206896551724138,1,规律经济型
U0086,150,1840.8,12.272,5.210973449874986,4.9,22.9,95,W07,8,7.894736842105264,19.37684210526316,90,60,0.6,1,规律经济型
U0087,29,422.3,14.56206896551724,4.407089563832952,7.0,23.1,28,W04,6,5.178571428571429,15.082142857142856,23,6,0.7931034482758621,2,偶尔就餐型
U0088,109,1182.4,10.84770642201835,3.301531528174833,5.9,22.6,79,W01,8,6.89873417721519,14.967088607594938,68,41,0.6238532110091743,3,规律高消费型
U0089,22,290.3,13.195454545454544,4.618645160313046,7.7,25.1,20,W01,7,5.5,14.515,12,10,0.5454545454545454,2,偶尔就餐型
U0090,85,1119.2,13.167058823529413,4.634045549113701,5.4,25.4,67,W04,8,6.343283582089553,16.7044776119403,51,34,0.6,3,规律高消费型
U0091,150,1885.3,12.568666666666669,3.0103208744812906,5.2,21.1,94,W01,8,7.978723404255319,20.0563829787234,91,59,0.6066666666666667,1,规律经济型
U0092,34,424.8,12.494117647058824,3.0444127837500883,6.1,19.4,34,W01,6,5.0,12.494117647058824,30,4,0.8823529411764706,2,偶尔就餐型
U0093,22,302.8,13.763636363636364,4.794098103228241,7.2,23.2,21,W08,7,5.238095238095238,14.41904761904762,16,6,0.7272727272727273,2,偶尔就餐型
U0094,94,1173.8,12.48723404255319,4.84593242672863,5.1,25.3,67,W07,8,7.014925373134329,17.519402985074628,48,46,0.5106382978723404,3,规律高消费型
U0095,23,262.4,11.408695652173911,3.8552105287965626,5.1,18.5,23,W01,7,5.0,11.408695652173911,11,12,0.4782608695652174,2,偶尔就餐型
U0096,89,1073.0,12.0561797752809,3.8545709304957247,5.2,25.3,71,W05,8,6.267605633802818,15.112676056338028,57,32,0.6404494382022472,3,规律高消费型
U0097,99,1310.4,13.236363636363638,4.657503372230413,5.1,24.3,78,W04,8,6.346153846153846,16.8,63,36,0.6363636363636364,3,规律高消费型
U0098,97,1472.7,15.182474226804125,4.769870943163241,7.2,26.1,74,W04,8,6.5540540540540535,19.90135135135135,56,41,0.5773195876288659,3,规律高消费型
U0099,144,1518.1,10.542361111111113,4.079534113348433,5.4,25.2,94,W07,8,7.659574468085106,16.15,91,53,0.6319444444444444,1,规律经济型
U0100,157,1881.0,11.980891719745223,4.431431061296198,5.2,23.8,96,W04,8,8.177083333333334,19.59375,94,63,0.5987261146496815,1,规律经济型
U0101,143,2053.4,14.35944055944056,4.415357924372064,4.9,23.7,94,W08,8,7.606382978723404,21.84468085106383,89,54,0.6223776223776224,1,规律经济型
U0102,80,1014.9,12.68625,4.411427730367252,5.7,23.3,62,W01,8,6.451612903225806,16.369354838709675,51,29,0.6375,3,规律高消费型
U0103,151,2386.0,15.80132450331126,4.308750580775003,7.2,24.2,94,W08,8,8.03191489361702,25.382978723404257,85,66,0.5629139072847682,1,规律经济型
U0104,82,1082.2,13.197560975609756,4.73249798601057,5.4,26.0,68,W06,8,6.029411764705882,15.914705882352942,39,43,0.4756097560975609,3,规律高消费型
U0105,91,1763.7,19.38131868131868,5.498220158235292,6.8,30.6,69,W08,8,6.594202898550725,25.56086956521739,41,50,0.4505494505494505,0,高消费型
U0106,150,1489.3,9.928666666666668,3.239818054934994,4.8,23.1,94,W02,8,7.978723404255319,15.843617021276597,89,61,0.5933333333333334,1,规律经济型
U0107,89,1171.7,13.165168539325844,4.510344199816369,5.6,23.7,70,W02,8,6.357142857142857,16.73857142857143,59,30,0.6629213483146067,3,规律高消费型
U0108,35,413.9,11.825714285714286,5.148063191322417,5.2,23.6,34,W07,7,5.147058823529411,12.173529411764704,16,19,0.4571428571428571,2,偶尔就餐型
U0109,134,1393.9,10.40223880597015,3.3349023819941324,5.2,24.3,93,W02,8,7.204301075268818,14.988172043010753,91,43,0.6791044776119403,1,规律经济型
U0110,155,2268.5,14.63548387096774,4.334724514314365,5.6,25.6,95,W03,8,8.157894736842104,23.87894736842105,92,63,0.5935483870967742,1,规律经济型
U0111,140,1790.7,12.790714285714284,3.386534835368057,5.8,22.4,90,W01,8,7.777777777777778,19.89666666666667,81,59,0.5785714285714286,1,规律经济型
U0112,147,1772.6,12.058503401360545,4.1773007529345785,5.1,22.3,96,W02,8,7.65625,18.464583333333334,95,52,0.6462585034013606,1,规律经济型
U0113,73,1316.9,18.03972602739726,5.2403281207177645,6.7,27.6,64,W04,8,5.703125,20.5765625,44,29,0.6027397260273972,0,高消费型
U0114,35,478.6,13.674285714285714,4.400089762262399,5.4,23.9,31,W01,7,5.645161290322581,15.438709677419356,18,17,0.5142857142857142,2,偶尔就餐型
U0115,96,1113.5,11.598958333333334,4.018470376482408,5.5,24.8,72,W04,8,6.666666666666666,15.46527777777778,55,41,0.5729166666666666,3,规律高消费型
U0116,27,329.4,12.2,3.0724582991474434,7.3,20.1,27,W03,5,5.0,12.2,13,14,0.4814814814814814,2,偶尔就餐型
U0117,34,490.8,14.43529411764706,3.275148144041563,8.3,20.5,33,W01,7,5.151515151515151,14.872727272727271,16,18,0.4705882352941176,2,偶尔就餐型
U0118,142,1855.4,13.066197183098591,5.935168502438025,5.3,25.2,93,W07,8,7.634408602150538,19.950537634408605,90,52,0.6338028169014085,1,规律经济型
U0119,29,339.7,11.713793103448277,3.418513057908891,5.7,19.7,26,W03,7,5.576923076923077,13.065384615384614,21,8,0.7241379310344828,2,偶尔就餐型
U0120,97,1227.4,12.653608247422682,5.628000345291207,5.3,24.6,74,W02,8,6.5540540540540535,16.58648648648649,62,35,0.6391752577319587,3,规律高消费型
U0121,33,457.4,13.86060606060606,4.538029541685699,6.7,23.6,32,W04,8,5.15625,14.29375,9,24,0.2727272727272727,2,偶尔就餐型
U0122,22,270.4,12.29090909090909,4.161376728566675,5.9,23.0,20,W06,6,5.5,13.52,16,6,0.7272727272727273,2,偶尔就餐型
U0123,152,1588.9,10.453289473684212,3.6261361364251714,5.0,20.7,97,W07,8,7.835051546391752,16.38041237113402,96,56,0.631578947368421,1,规律经济型
U0124,159,1763.6,11.091823899371068,2.920615691840541,5.1,22.6,96,W05,8,8.28125,18.370833333333334,94,65,0.5911949685534591,1,规律经济型
U0125,137,1617.1,11.803649635036496,4.087614160289668,5.1,23.3,88,W07,8,7.784090909090909,18.376136363636363,83,54,0.6058394160583942,1,规律经济型
U0126,76,972.4,12.794736842105262,4.815804390735214,5.8,24.8,65,W07,8,5.846153846153847,14.96,42,34,0.5526315789473685,3,规律高消费型
U0127,44,599.5,13.625,4.307436781649496,7.0,22.6,41,W06,7,5.365853658536586,14.621951219512194,31,13,0.7045454545454546,2,偶尔就餐型
U0128,42,549.9,13.092857142857142,4.616217058405463,6.4,22.9,37,W04,8,5.675675675675675,14.86216216216216,23,19,0.5476190476190477,2,偶尔就餐型
U0129,162,2293.2,14.155555555555557,3.7064322132682808,7.2,24.0,94,W03,8,8.617021276595745,24.395744680851063,89,73,0.5493827160493827,1,规律经济型
U0130,93,1124.9,12.095698924731185,5.382841377903749,4.9,24.3,70,W02,8,6.642857142857142,16.07,45,48,0.4838709677419355,3,规律高消费型
U0131,103,1308.3,12.701941747572816,4.079263211600174,5.2,23.9,78,W02,8,6.602564102564102,16.77307692307692,59,44,0.5728155339805825,3,规律高消费型
U0132,134,2024.1,15.105223880597014,4.621188812386504,6.0,25.1,90,W01,8,7.444444444444445,22.49,85,49,0.6343283582089553,1,规律经济型
U0133,147,1861.3,12.66190476190476,3.890721898951037,6.9,22.5,93,W04,8,7.903225806451612,20.01397849462365,87,60,0.5918367346938775,1,规律经济型
U0134,151,2074.4,13.737748344370862,4.818225700011079,5.1,24.0,91,W02,8,8.296703296703297,22.7956043956044,83,68,0.5496688741721855,1,规律经济型
U0135,53,1020.4,19.252830188679244,4.638202726089265,10.2,29.9,44,W03,7,6.022727272727273,23.19090909090909,25,28,0.4716981132075472,0,高消费型
U0136,148,2009.1,13.575,3.8698358171504736,6.2,23.3,95,W03,8,7.789473684210526,21.148421052631576,88,60,0.5945945945945946,1,规律经济型
U0137,90,952.3,10.581111111111111,2.898154951403922,4.9,19.4,71,W06,6,6.338028169014085,13.412676056338029,51,39,0.5666666666666667,2,偶尔就餐型
U0138,17,215.4,12.67058823529412,4.670889196111693,5.8,23.2,17,W05,7,5.0,12.67058823529412,13,4,0.7647058823529411,2,偶尔就餐型
U0139,143,1946.0,13.608391608391608,3.804435819132833,5.7,24.0,92,W06,8,7.771739130434783,21.15217391304348,88,55,0.6153846153846154,1,规律经济型
U0140,53,1050.0,19.81132075471698,5.874379193954765,9.5,29.8,46,W03,8,5.760869565217392,22.82608695652174,26,27,0.490566037735849,0,高消费型
U0141,75,1469.5,19.593333333333334,5.1637597169518274,7.9,29.8,60,W04,8,6.25,24.491666666666667,44,31,0.5866666666666667,0,高消费型
U0142,139,2260.5,16.262589928057555,4.51204946173191,5.3,25.6,90,W03,8,7.722222222222222,25.116666666666667,82,57,0.5899280575539568,1,规律经济型
U0143,75,1060.9,14.145333333333337,4.934251314640959,5.3,25.8,57,W03,7,6.578947368421053,18.612280701754383,48,27,0.64,3,规律高消费型
U0144,157,2226.2,14.179617834394904,4.375920985163905,5.7,25.7,97,W03,8,8.092783505154639,22.95051546391752,92,65,0.5859872611464968,1,规律经济型
U0145,137,1604.0,11.708029197080291,4.435270705879785,5.2,22.6,92,W01,8,7.445652173913043,17.434782608695652,89,48,0.6496350364963503,1,规律经济型
U0146,143,1561.3,10.918181818181818,4.120963861744961,5.0,24.0,94,W07,8,7.606382978723404,16.609574468085107,94,49,0.6573426573426573,1,规律经济型
U0147,72,788.8,10.955555555555556,3.337068330005191,5.4,25.0,59,W02,8,6.101694915254238,13.369491525423728,44,28,0.6111111111111112,3,规律高消费型
U0148,104,1670.1,16.058653846153845,4.9048541555056655,5.4,26.2,77,W08,8,6.753246753246753,21.689610389610387,54,50,0.5192307692307693,3,规律高消费型
U0149,152,2007.7,13.208552631578948,5.680615861572405,4.9,24.3,93,W08,8,8.172043010752688,21.588172043010758,88,64,0.5789473684210527,1,规律经济型
U0150,142,2061.2,14.515492957746478,4.65589378297978,5.4,24.7,93,W08,8,7.634408602150538,22.16344086021505,91,51,0.6408450704225352,1,规律经济型
U0151,67,1322.6,19.74029850746269,5.437051888926252,7.5,31.2,57,W04,8,5.87719298245614,23.203508771929823,29,38,0.4328358208955223,0,高消费型
U0152,137,1633.0,11.91970802919708,4.938740006854247,4.9,23.6,86,W07,8,7.965116279069767,18.98837209302325,81,56,0.5912408759124088,1,规律经济型
U0153,136,1728.9,12.7125,5.088206225438646,4.8,23.7,88,W08,8,7.727272727272727,19.64659090909091,74,62,0.5441176470588235,1,规律经济型
U0154,101,1517.8,15.027722772277228,4.003926043569765,6.2,25.4,70,W06,8,7.214285714285714,21.68285714285714,61,40,0.6039603960396039,3,规律高消费型
U0155,75,1342.2,17.896,5.121745901651221,6.3,28.7,61,W04,8,6.147540983606557,22.003278688524592,38,37,0.5066666666666667,0,高消费型
U0156,132,1702.5,12.897727272727272,4.844394981234741,5.2,23.2,94,W03,8,7.0212765957446805,18.111702127659573,90,42,0.6818181818181818,1,规律经济型
U0157,91,1298.7,14.271428571428572,4.035792245348991,6.0,24.1,75,W01,7,6.066666666666666,17.316,53,38,0.5824175824175825,3,规律高消费型
U0158,22,254.2,11.554545454545456,4.35241884284472,6.2,19.9,21,W07,3,5.238095238095238,12.104761904761904,12,10,0.5454545454545454,2,偶尔就餐型
U0159,152,1930.7,12.701973684210529,3.674008771033899,5.5,25.5,93,W01,8,8.172043010752688,20.76021505376344,82,70,0.5394736842105263,1,规律经济型
U0160,39,502.1,12.874358974358977,4.584396760449511,5.5,23.7,35,W01,7,5.571428571428571,14.345714285714289,18,21,0.4615384615384615,2,偶尔就餐型
U0161,140,2029.5,14.496428571428572,4.176353624775779,5.2,24.2,92,W08,8,7.608695652173914,22.05978260869565,85,55,0.6071428571428571,1,规律经济型
U0162,114,1510.1,13.246491228070177,4.831243813254328,5.2,25.3,82,W03,8,6.951219512195122,18.415853658536584,65,49,0.5701754385964912,3,规律高消费型
U0163,109,1387.5,12.729357798165138,5.487398067091639,5.3,26.1,79,W08,8,6.89873417721519,17.563291139240505,54,55,0.4954128440366973,3,规律高消费型
U0164,86,1087.8,12.648837209302323,4.1414048251926046,6.0,22.2,69,W02,8,6.231884057971015,15.765217391304349,49,37,0.5697674418604651,3,规律高消费型
U0165,138,1574.5,11.409420289855072,3.4516871508047444,5.1,23.3,92,W01,8,7.5,17.11413043478261,88,50,0.6376811594202898,1,规律经济型
U0166,25,273.7,10.948,3.375909753928068,5.9,17.7,22,W05,6,5.681818181818183,12.44090909090909,14,11,0.56,2,偶尔就餐型
U0167,138,1421.9,10.303623188405798,3.6614067222098914,5.1,25.0,95,W02,8,7.263157894736842,14.967368421052631,87,51,0.6304347826086957,1,规律经济型
U0168,131,1730.5,13.209923664122137,4.307700706727824,7.2,25.4,89,W03,8,7.359550561797753,19.4438202247191,85,46,0.648854961832061,1,规律经济型
U0169,146,2089.4,14.31095890410959,4.829337404221899,5.2,25.4,93,W01,8,7.849462365591398,22.46666666666667,90,56,0.6164383561643836,1,规律经济型
U0170,97,1040.0,10.721649484536082,3.617873074638253,5.0,21.3,73,W02,8,6.643835616438356,14.246575342465754,59,38,0.6082474226804123,3,规律高消费型
U0171,92,1347.2,14.643478260869566,4.441000390908527,6.7,24.3,66,W08,8,6.969696969696971,20.41212121212121,55,37,0.5978260869565217,3,规律高消费型
U0172,140,1997.8,14.27,4.267995334189325,5.5,25.2,94,W03,8,7.446808510638298,21.2531914893617,91,49,0.65,1,规律经济型
U0173,93,1362.3,14.648387096774194,5.310359295615257,6.3,26.6,68,W06,8,6.838235294117647,20.03382352941176,47,46,0.5053763440860215,3,规律高消费型
U0174,132,1806.6,13.686363636363636,4.032213279060012,5.9,24.9,91,W03,8,7.252747252747253,19.852747252747253,81,51,0.6136363636363636,1,规律经济型
U0175,97,1416.9,14.607216494845362,4.799918563169423,8.6,26.7,76,W01,8,6.381578947368421,18.64342105263158,50,47,0.5154639175257731,3,规律高消费型
U0176,142,1794.1,12.63450704225352,4.362315179683882,4.9,22.9,90,W03,8,7.888888888888888,19.934444444444445,81,61,0.5704225352112676,1,规律经济型
U0177,81,986.2,12.17530864197531,4.248838984481453,5.3,21.7,66,W02,7,6.136363636363637,14.942424242424243,51,30,0.6296296296296297,3,规律高消费型
U0178,152,1643.7,10.813815789473685,3.630810927648509,5.4,24.5,92,W05,8,8.26086956521739,17.866304347826087,86,66,0.5657894736842105,1,规律经济型
U0179,61,1051.1,17.231147540983606,5.55234307848517,6.9,28.6,51,W04,8,5.980392156862745,20.609803921568627,36,25,0.5901639344262295,0,高消费型
U0180,147,1906.5,12.96938775510204,3.4283789900332047,5.3,23.9,93,W04,8,7.903225806451612,20.5,85,62,0.5782312925170068,1,规律经济型
U0181,153,2232.3,14.590196078431374,3.843822191549406,6.9,23.1,94,W03,8,8.138297872340425,23.74787234042553,89,64,0.5816993464052288,1,规律经济型
U0182,145,1793.6,12.369655172413792,3.3654767727687527,7.4,21.5,96,W06,8,7.552083333333334,18.683333333333334,93,52,0.6413793103448275,1,规律经济型
U0183,51,985.0,19.31372549019608,4.81148707190794,9.8,29.7,46,W04,7,5.543478260869565,21.41304347826087,30,21,0.5882352941176471,0,高消费型
U0184,27,318.9,11.81111111111111,4.101063026669787,5.8,19.6,25,W01,6,5.4,12.755999999999998,16,11,0.5925925925925926,2,偶尔就餐型
U0185,153,1917.1,12.530065359477124,4.227231347362134,6.2,25.0,95,W02,8,8.052631578947368,20.18,94,59,0.6143790849673203,1,规律经济型
U0186,97,1080.4,11.138144329896909,3.348676458038093,6.0,23.6,74,W02,8,6.5540540540540535,14.6,45,52,0.4639175257731959,3,规律高消费型
U0187,28,372.1,13.289285714285716,4.284799946556499,7.8,23.0,27,W03,7,5.185185185185185,13.781481481481482,23,5,0.8214285714285714,2,偶尔就餐型
U0188,65,873.3,13.435384615384615,4.809119941879659,5.3,24.5,54,W04,8,6.018518518518519,16.17222222222222,44,21,0.676923076923077,3,规律高消费型
U0189,59,823.8,13.96271186440678,4.550744475095852,5.8,26.2,49,W06,8,6.020408163265306,16.812244897959182,38,21,0.6440677966101694,3,规律高消费型
U0190,143,1869.9,13.076223776223776,3.511689895392607,5.3,22.5,94,W04,8,7.606382978723404,19.892553191489363,92,51,0.6433566433566433,1,规律经济型
U0191,140,2016.0,14.4,4.023796124531977,5.3,22.4,91,W03,8,7.6923076923076925,22.153846153846157,85,55,0.6071428571428571,1,规律经济型
U0192,30,378.7,12.623333333333331,4.882952988208823,5.6,23.1,27,W06,6,5.555555555555555,14.025925925925923,17,13,0.5666666666666667,2,偶尔就餐型
U0193,80,1568.3,19.60375,5.350297371364073,7.5,30.1,64,W03,8,6.25,24.5046875,42,38,0.525,0,高消费型
U0194,96,1276.4,13.295833333333334,4.698262090035705,5.0,24.3,75,W08,8,6.4,17.018666666666668,52,44,0.5416666666666666,3,规律高消费型
U0195,142,1592.8,11.216901408450704,3.786912360255162,5.1,23.4,91,W06,8,7.802197802197802,17.5032967032967,88,54,0.6197183098591549,1,规律经济型
U0196,150,1973.0,13.153333333333334,3.621239853429021,5.2,24.7,94,W05,8,7.978723404255319,20.98936170212766,89,61,0.5933333333333334,1,规律经济型
U0197,22,261.1,11.86818181818182,4.595897379976268,5.2,22.9,21,W02,8,5.238095238095238,12.433333333333334,15,7,0.6818181818181818,2,偶尔就餐型
U0198,25,314.0,12.56,2.9678836455180204,8.0,17.4,23,W06,8,5.434782608695652,13.652173913043478,10,15,0.4,2,偶尔就餐型
U0199,34,490.4,14.423529411764704,5.569617734748944,7.4,25.0,32,W08,6,5.3125,15.325,19,15,0.5588235294117647,2,偶尔就餐型
U0200,22,263.5,11.977272727272728,3.9466600488420007,7.2,19.4,20,W02,6,5.5,13.175,11,11,0.5,2,偶尔就餐型
U0201,102,1448.8,14.20392156862745,4.675953263718606,5.7,25.8,76,W04,8,6.7105263157894735,19.063157894736843,58,44,0.5686274509803921,3,规律高消费型
U0202,139,1639.7,11.796402877697842,4.245686815129628,4.9,23.3,92,W07,8,7.554347826086957,17.82282608695652,84,55,0.60431654676259,1,规律经济型
U0203,152,2048.9,13.479605263157897,4.769693769111172,5.0,24.0,93,W08,8,8.172043010752688,22.031182795698925,86,66,0.5657894736842105,1,规律经济型
U0204,23,267.7,11.639130434782608,3.367996319696055,6.8,17.6,21,W02,7,5.476190476190476,12.747619047619049,14,9,0.6086956521739131,2,偶尔就餐型
U0205,75,958.7,12.782666666666668,3.546462772707222,5.2,20.8,60,W05,7,6.25,15.978333333333332,39,36,0.52,3,规律高消费型
U0206,134,1676.3,12.509701492537314,4.079434381458945,5.2,25.3,87,W06,8,7.701149425287356,19.26781609195402,84,50,0.6268656716417911,1,规律经济型
U0207,148,1754.3,11.85337837837838,4.3534709827162565,5.2,25.7,94,W07,8,7.872340425531915,18.66276595744681,84,64,0.5675675675675675,1,规律经济型
U0208,87,1047.4,12.039080459770116,4.006690808839259,5.1,23.3,68,W07,8,6.397058823529411,15.40294117647059,55,32,0.632183908045977,3,规律高消费型
U0209,168,1811.6,10.783333333333331,3.5222588469942884,4.8,22.4,97,W06,8,8.659793814432991,18.67628865979381,94,74,0.5595238095238095,1,规律经济型
U0210,151,1822.3,12.068211920529802,4.27167993278097,5.6,22.5,93,W01,8,8.118279569892472,19.594623655913978,87,64,0.5761589403973509,1,规律经济型
U0211,100,1538.0,15.38,4.490686208839651,6.0,25.5,73,W03,8,6.849315068493151,21.068493150684933,53,47,0.53,3,规律高消费型
U0212,79,1069.7,13.540506329113924,4.435969497344372,5.1,23.5,63,W02,8,6.26984126984127,16.97936507936508,54,25,0.6835443037974683,3,规律高消费型
U0213,111,1679.4,15.12972972972973,5.047224162296712,5.7,26.0,80,W08,8,6.9375,20.9925,60,51,0.5405405405405406,3,规律高消费型
U0214,149,1813.9,12.173825503355705,3.193434903494777,5.7,23.3,96,W01,8,7.760416666666666,18.894791666666663,88,61,0.5906040268456376,1,规律经济型
U0215,33,400.1,12.124242424242423,5.306483669945092,5.7,24.9,30,W02,7,5.5,13.336666666666668,21,12,0.6363636363636364,2,偶尔就餐型
U0216,143,1955.9,13.67762237762238,4.4829319439562765,4.9,24.2,92,W08,8,7.771739130434783,21.25978260869565,83,60,0.5804195804195804,1,规律经济型
U0217,135,1741.4,12.89925925925926,4.225429348427409,5.6,25.0,91,W06,8,7.417582417582418,19.136263736263736,88,47,0.6518518518518519,1,规律经济型
U0218,29,389.5,13.43103448275862,3.878521758928621,8.0,22.4,26,W03,7,5.576923076923077,14.98076923076923,20,9,0.6896551724137931,2,偶尔就餐型
U0219,100,1278.9,12.789,4.22694328030901,5.5,22.8,74,W07,8,6.756756756756756,17.282432432432433,56,44,0.56,3,规律高消费型
U0220,34,500.4,14.717647058823529,4.823708531085794,7.5,23.7,32,W02,7,5.3125,15.6375,24,10,0.7058823529411765,2,偶尔就餐型
U0221,108,1341.8,12.424074074074074,3.475760398761966,5.9,20.7,77,W04,8,7.012987012987013,17.425974025974025,55,53,0.5092592592592593,3,规律高消费型
U0222,91,1046.4,11.4989010989011,3.104172622114896,5.9,18.6,71,W06,6,6.408450704225352,14.738028169014086,53,38,0.5824175824175825,2,偶尔就餐型
U0223,156,2105.1,13.494230769230768,5.598401158679034,5.2,24.9,94,W08,8,8.297872340425531,22.39468085106383,80,76,0.5128205128205128,1,规律经济型
U0224,142,1857.3,13.079577464788732,3.5100370516400154,6.0,21.7,94,W01,8,7.553191489361702,19.75851063829787,88,54,0.6197183098591549,1,规律经济型
U0225,144,1971.6,13.691666666666666,5.322212327213567,5.7,25.9,94,W07,8,7.659574468085106,20.97446808510638,90,54,0.625,1,规律经济型
U0226,152,1671.1,10.99407894736842,3.250842652911847,5.4,24.5,95,W01,8,8.0,17.59052631578947,92,60,0.6052631578947368,1,规律经济型
U0227,68,1184.8,17.423529411764704,5.699204386658991,6.0,29.3,60,W03,8,5.666666666666666,19.746666666666663,24,44,0.3529411764705882,0,高消费型
U0228,150,2012.9,13.419333333333334,5.344063967319337,5.5,25.4,95,W02,8,7.894736842105264,21.18842105263158,89,61,0.5933333333333334,1,规律经济型
U0229,44,519.4,11.804545454545456,4.001276223468018,5.6,23.2,39,W01,8,5.6410256410256405,13.317948717948717,25,19,0.5681818181818182,2,偶尔就餐型
U0230,90,1049.6,11.66222222222222,4.12957482855913,5.1,21.2,75,W07,8,6.0,13.994666666666664,61,29,0.6777777777777778,3,规律高消费型
U0231,31,366.9,11.83548387096774,4.220074911428056,5.1,20.4,29,W04,7,5.344827586206896,12.651724137931032,25,6,0.8064516129032258,2,偶尔就餐型
U0232,99,1318.9,13.322222222222225,5.110224955221689,5.0,25.0,76,W05,8,6.513157894736842,17.353947368421053,55,44,0.5555555555555556,3,规律高消费型
U0233,92,1121.1,12.18586956521739,4.338976977764347,5.3,23.1,70,W02,8,6.571428571428571,16.015714285714285,56,36,0.6086956521739131,3,规律高消费型
U0234,98,1195.9,12.203061224489796,3.0869680878807872,7.1,22.6,74,W06,8,6.621621621621622,16.160810810810812,51,47,0.5204081632653061,3,规律高消费型
U0235,148,1997.5,13.49662162162162,4.049815911505158,6.8,25.2,96,W06,8,7.708333333333334,20.807291666666668,92,56,0.6216216216216216,1,规律经济型
U0236,30,388.8,12.96,4.370086403312158,6.7,21.5,25,W04,7,6.0,15.552,16,14,0.5333333333333333,2,偶尔就餐型
U0237,147,1764.2,12.001360544217688,4.5232426602646525,4.9,21.2,96,W03,8,7.65625,18.37708333333333,93,54,0.6326530612244898,1,规律经济型
U0238,143,1522.3,10.645454545454545,3.315705844866202,5.1,24.0,94,W02,8,7.606382978723404,16.19468085106383,89,54,0.6223776223776224,1,规律经济型
U0239,79,927.8,11.744303797468357,3.819811608841027,5.3,21.9,62,W01,8,6.370967741935484,14.964516129032258,53,26,0.6708860759493671,3,规律高消费型
U0240,149,2449.4,16.438926174496643,4.7057427740287485,5.3,25.8,97,W08,8,7.680412371134021,25.25154639175258,86,63,0.5771812080536913,1,规律经济型
U0241,54,1064.9,19.72037037037037,4.843333470402448,11.2,28.7,50,W08,7,5.4,21.298,33,21,0.6111111111111112,0,高消费型
U0242,53,956.9,18.054716981132074,5.276200776117075,6.4,28.3,47,W04,8,5.638297872340425,20.359574468085107,33,20,0.6226415094339622,0,高消费型
U0243,58,1189.2,20.50344827586207,5.302067306753835,8.9,30.5,51,W08,8,5.686274509803921,23.31764705882353,36,22,0.6206896551724138,0,高消费型
U0244,153,1745.0,11.405228758169937,4.244296340689299,5.3,25.6,91,W05,8,8.406593406593407,19.17582417582417,88,65,0.5751633986928104,1,规律经济型
U0245,140,1874.3,13.387857142857143,4.529066285482464,5.7,24.2,95,W03,8,7.368421052631579,19.729473684210525,89,51,0.6357142857142857,1,规律经济型
U0246,48,908.6,18.929166666666667,4.4436882483165885,8.2,27.6,40,W04,7,6.0,22.715,24,24,0.5,0,高消费型
U0247,109,1521.6,13.959633027522935,4.779956594914796,6.4,24.9,79,W08,8,6.89873417721519,19.26075949367089,63,46,0.5779816513761468,3,规律高消费型
U0248,64,1251.6,19.55625,5.753228907069738,7.1,31.3,52,W03,8,6.153846153846154,24.069230769230767,37,27,0.578125,0,高消费型
U0249,73,1263.1,17.302739726027397,5.172308011654729,6.3,29.5,61,W03,8,5.983606557377049,20.70655737704918,39,34,0.5342465753424658,0,高消费型
U0250,49,601.5,12.275510204081632,4.133225667897738,5.8,23.3,41,W06,7,5.975609756097561,14.670731707317072,25,24,0.5102040816326531,2,偶尔就餐型
U0251,138,1862.3,13.494927536231884,3.740258831430993,5.4,23.6,96,W03,8,7.1875,19.398958333333333,95,43,0.6884057971014492,1,规律经济型
U0252,141,1961.5,13.911347517730496,3.5271617930119232,5.7,24.1,95,W06,8,7.421052631578947,20.647368421052636,91,50,0.6453900709219859,1,规律经济型
U0253,33,449.6,13.624242424242423,5.009243349987496,5.9,24.4,30,W04,7,5.5,14.986666666666668,23,10,0.696969696969697,2,偶尔就餐型
U0254,145,2035.2,14.035862068965518,4.080537748162151,4.9,24.4,93,W04,8,7.795698924731182,21.88387096774193,85,60,0.5862068965517241,1,规律经济型
U0255,151,1701.8,11.270198675496689,4.431129196972811,5.1,25.0,93,W07,8,8.118279569892472,18.298924731182797,90,61,0.5960264900662252,1,规律经济型
U0256,104,1169.7,11.247115384615386,2.9121425312782097,5.7,23.4,77,W01,8,6.753246753246753,15.190909090909091,53,51,0.5096153846153846,3,规律高消费型
U0257,65,1335.8,20.55076923076923,5.795340883980722,6.4,31.3,55,W08,8,5.909090909090909,24.287272727272725,38,27,0.5846153846153846,0,高消费型
U0258,100,1334.4,13.344,3.871687440427447,5.5,23.9,79,W02,8,6.329113924050633,16.89113924050633,60,40,0.6,3,规律高消费型
U0259,81,1250.0,15.432098765432098,5.121299326354929,7.1,24.8,66,W03,7,6.136363636363637,18.939393939393938,54,27,0.6666666666666666,3,规律高消费型
U0260,157,1866.3,11.887261146496815,3.1855790061529263,5.2,23.6,97,W05,8,8.092783505154639,19.24020618556701,94,63,0.5987261146496815,1,规律经济型
U0261,105,1310.6,12.481904761904762,3.769966867646212,7.0,21.7,77,W03,8,6.8181818181818175,17.020779220779218,58,47,0.5523809523809524,3,规律高消费型
U0262,58,1104.0,19.03448275862069,4.397150262331512,7.4,26.7,53,W04,7,5.471698113207547,20.83018867924528,34,24,0.5862068965517241,0,高消费型
U0263,137,1593.4,11.63065693430657,3.15248646131803,5.3,23.5,92,W01,8,7.445652173913043,17.319565217391304,86,51,0.6277372262773723,1,规律经济型
U0264,80,1015.8,12.6975,4.063607395318985,5.2,21.5,64,W01,8,6.25,15.871875,48,32,0.6,3,规律高消费型
U0265,27,361.1,13.374074074074075,4.188132739116065,7.6,23.4,24,W03,8,5.625,15.045833333333334,19,8,0.7037037037037037,2,偶尔就餐型
U0266,25,293.5,11.74,4.203867267171979,6.1,20.8,25,W01,7,5.0,11.74,18,7,0.72,2,偶尔就餐型
U0267,108,1484.6,13.746296296296295,5.362075653444027,5.9,25.2,78,W03,8,6.923076923076923,19.03333333333333,62,46,0.5740740740740741,3,规律高消费型
U0268,28,344.0,12.285714285714286,4.153241865027606,5.8,24.8,25,W01,8,5.6000000000000005,13.76,13,15,0.4642857142857143,2,偶尔就餐型
U0269,140,1549.7,11.069285714285714,4.215881184566801,4.9,23.4,93,W07,8,7.526881720430108,16.663440860215054,86,54,0.6142857142857143,1,规律经济型
U0270,154,1973.7,12.816233766233768,3.55795106601165,5.1,22.5,91,W01,8,8.461538461538462,21.68901098901099,83,71,0.538961038961039,1,规律经济型
U0271,29,380.0,13.10344827586207,4.797282173914479,6.2,23.5,26,W02,7,5.576923076923077,14.615384615384617,10,19,0.3448275862068966,2,偶尔就餐型
U0272,33,369.1,11.184848484848484,2.4413266388535058,7.6,17.4,32,W01,7,5.15625,11.534375,24,9,0.7272727272727273,2,偶尔就餐型
U0273,35,430.3,12.294285714285715,3.67639072182158,5.5,20.0,35,W04,6,5.0,12.294285714285715,30,5,0.8571428571428571,2,偶尔就餐型
U0274,62,1213.4,19.570967741935487,5.261377588625424,9.3,30.9,51,W03,8,6.078431372549019,23.7921568627451,27,35,0.4354838709677419,0,高消费型
U0275,105,1513.0,14.40952380952381,5.327297695135941,5.6,26.5,78,W03,8,6.730769230769232,19.397435897435894,57,48,0.5428571428571428,3,规律高消费型
U0276,102,1286.2,12.609803921568629,4.517019735168894,5.4,24.7,78,W07,8,6.538461538461538,16.48974358974359,49,53,0.4803921568627451,3,规律高消费型
U0277,26,405.1,15.580769230769231,4.804998999439582,9.2,23.6,24,W08,5,5.416666666666666,16.879166666666666,24,2,0.9230769230769232,2,偶尔就餐型
U0278,85,960.7,11.302352941176473,3.270829823010124,5.3,19.4,68,W05,8,6.25,14.12794117647059,41,44,0.4823529411764706,3,规律高消费型
U0279,41,523.9,12.778048780487804,4.621877983846066,5.2,21.8,37,W02,8,5.54054054054054,14.15945945945946,20,21,0.4878048780487805,2,偶尔就餐型
U0280,22,285.3,12.96818181818182,3.857014187368052,7.8,20.8,21,W01,7,5.238095238095238,13.585714285714284,20,2,0.9090909090909092,2,偶尔就餐型
U0281,24,332.7,13.8625,4.1087195191393295,7.4,22.9,22,W04,7,5.454545454545454,15.122727272727271,13,11,0.5416666666666666,2,偶尔就餐型
U0282,135,1673.5,12.396296296296295,4.2956661153120255,5.4,24.1,86,W01,8,7.848837209302325,19.459302325581397,78,57,0.5777777777777777,1,规律经济型
U0283,134,1704.1,12.717164179104476,3.997904077193017,5.1,24.9,87,W04,8,7.701149425287356,19.58735632183908,82,52,0.6119402985074627,1,规律经济型
U0284,145,1703.6,11.74896551724138,3.4785676578430342,4.9,21.7,91,W04,8,7.967032967032966,18.72087912087912,80,65,0.5517241379310345,1,规律经济型
U0285,103,1366.2,13.264077669902914,4.328040229619217,5.5,24.9,73,W01,8,7.054794520547945,18.715068493150685,59,44,0.5728155339805825,3,规律高消费型
U0286,138,1571.6,11.388405797101449,3.672328413978267,6.8,23.7,89,W02,8,7.752808988764045,17.658426966292133,85,53,0.6159420289855072,1,规律经济型
U0287,91,1033.7,11.35934065934066,3.660691435051824,5.3,20.8,68,W05,8,6.691176470588235,15.201470588235296,54,37,0.5934065934065934,3,规律高消费型
U0288,97,1202.1,12.392783505154638,4.017079355251991,5.2,23.0,73,W02,8,6.643835616438356,16.46712328767123,53,44,0.5463917525773195,3,规律高消费型
U0289,142,1747.1,12.303521126760565,3.903506551840248,7.4,25.7,90,W02,8,7.888888888888888,19.412222222222223,82,60,0.5774647887323944,1,规律经济型
U0290,95,1082.6,11.395789473684207,3.4836675400610857,5.2,20.1,76,W02,7,6.25,14.244736842105262,47,48,0.4947368421052631,3,规律高消费型
U0291,135,1838.3,13.617037037037036,3.999226431556086,6.4,23.8,89,W06,8,7.584269662921348,20.65505617977528,80,55,0.5925925925925926,1,规律经济型
U0292,136,1822.9,13.403676470588236,4.218748420479007,5.7,24.8,94,W04,8,7.23404255319149,19.392553191489363,90,46,0.6617647058823529,1,规律经济型
U0293,21,230.0,10.952380952380953,3.350316260835542,5.9,19.0,19,W05,8,5.526315789473685,12.105263157894736,10,11,0.4761904761904761,2,偶尔就餐型
U0294,144,1868.7,12.977083333333333,4.865228686796251,5.3,23.4,89,W03,8,8.089887640449438,20.996629213483143,81,63,0.5625,1,规律经济型
U0295,156,2342.7,15.017307692307693,3.971286676381468,5.6,24.4,96,W04,8,8.125,24.403125,91,65,0.5833333333333334,1,规律经济型
U0296,87,1140.4,13.108045977011496,3.644658990996584,7.6,22.6,67,W02,8,6.492537313432836,17.02089552238806,49,38,0.5632183908045977,3,规律高消费型
U0297,18,246.5,13.694444444444445,4.838506359492532,5.4,22.2,18,W03,7,5.0,13.694444444444445,15,3,0.8333333333333334,2,偶尔就餐型
U0298,153,1920.0,12.549019607843135,4.95328330300985,5.0,24.4,91,W08,8,8.406593406593407,21.0989010989011,82,71,0.5359477124183006,1,规律经济型
U0299,95,1349.1,14.201052631578946,5.672394794966796,5.8,25.8,72,W08,8,6.597222222222222,18.7375,59,36,0.6210526315789474,3,规律高消费型
U0300,146,1761.0,12.061643835616438,3.360136702349918,5.6,23.7,92,W05,8,7.934782608695652,19.14130434782609,85,61,0.5821917808219178,1,规律经济型
U0301,141,1685.2,11.951773049645393,3.882977554787404,5.5,24.1,90,W02,8,7.833333333333333,18.724444444444444,84,57,0.5957446808510638,1,规律经济型
U0302,111,1258.3,11.336036036036036,3.551281274357001,5.5,20.8,79,W02,7,7.025316455696203,15.927848101265822,66,45,0.5945945945945946,3,规律高消费型
U0303,102,1285.3,12.60098039215686,4.454555907859433,5.2,24.4,79,W02,8,6.455696202531645,16.269620253164558,60,42,0.5882352941176471,3,规律高消费型
U0304,100,1296.7,12.967,4.472227542502639,5.3,23.1,76,W05,8,6.578947368421053,17.061842105263157,51,49,0.51,3,规律高消费型
U0305,37,494.7,13.37027027027027,4.422032266884693,6.4,22.9,35,W04,8,5.285714285714286,14.134285714285712,27,10,0.7297297297297297,2,偶尔就餐型
U0306,66,1250.1,18.940909090909088,5.458316936219789,6.1,29.6,56,W08,7,5.892857142857143,22.323214285714283,44,22,0.6666666666666666,0,高消费型
U0307,104,1348.7,12.96826923076923,3.478094122206522,7.6,24.7,79,W02,7,6.582278481012658,17.072151898734177,62,42,0.5961538461538461,3,规律高消费型
U0308,138,1954.2,14.160869565217393,3.629631393937308,5.6,22.3,92,W04,8,7.5,21.241304347826087,83,55,0.6014492753623188,1,规律经济型
U0309,30,369.8,12.326666666666666,3.376483922390409,5.8,19.3,29,W04,8,5.172413793103448,12.751724137931037,20,10,0.6666666666666666,2,偶尔就餐型
U0310,138,1862.4,13.495652173913044,3.5460653545263217,5.9,20.3,88,W04,8,7.840909090909091,21.163636363636364,77,61,0.5579710144927537,1,规律经济型
U0311,75,971.9,12.958666666666666,4.543545862980697,5.6,24.5,64,W02,8,5.859375,15.1859375,46,29,0.6133333333333333,3,规律高消费型
U0312,145,1759.2,12.13241379310345,3.5469643272377747,5.8,24.7,93,W02,8,7.795698924731182,18.916129032258063,87,58,0.6,1,规律经济型
U0313,139,2257.9,16.24388489208633,4.798325721101537,6.6,25.8,89,W04,8,7.808988764044944,25.369662921348315,80,59,0.5755395683453237,1,规律经济型
U0314,49,976.7,19.93265306122449,5.681013251579849,6.9,31.3,41,W04,7,5.975609756097561,23.8219512195122,34,15,0.6938775510204082,0,高消费型
U0315,34,444.2,13.06470588235294,3.249231363927165,5.5,20.3,33,W03,8,5.151515151515151,13.46060606060606,16,18,0.4705882352941176,2,偶尔就餐型
U0316,106,1337.2,12.615094339622642,4.549511589753453,5.5,24.1,75,W02,7,7.066666666666666,17.829333333333334,66,40,0.6226415094339622,3,规律高消费型
U0317,85,1212.0,14.258823529411766,4.164741291846495,5.8,24.4,67,W08,8,6.343283582089553,18.08955223880597,41,44,0.4823529411764706,3,规律高消费型
U0318,131,1448.2,11.05496183206107,3.736230386168927,5.0,22.9,86,W06,8,7.616279069767442,16.83953488372093,83,48,0.6335877862595419,1,规律经济型
U0319,157,1986.7,12.654140127388535,3.841765927510018,6.4,25.7,96,W02,8,8.177083333333334,20.694791666666667,91,66,0.5796178343949044,1,规律经济型
U0320,150,1855.2,12.368,4.647729040606749,5.1,24.7,96,W06,8,7.8125,19.325,96,54,0.64,1,规律经济型
U0321,92,1296.7,14.094565217391304,4.483948518257237,7.0,24.0,70,W06,8,6.571428571428571,18.524285714285718,56,36,0.6086956521739131,3,规律高消费型
U0322,14,182.8,13.05714285714286,3.932060388790958,7.1,20.3,14,W06,5,5.0,13.05714285714286,5,9,0.3571428571428571,2,偶尔就餐型
U0323,101,1185.2,11.734653465346534,3.962232593969323,5.7,26.8,77,W07,8,6.558441558441559,15.392207792207794,62,39,0.6138613861386139,3,规律高消费型
U0324,150,1912.0,12.746666666666666,3.995024870216272,5.1,24.2,96,W01,8,7.8125,19.916666666666668,94,56,0.6266666666666667,1,规律经济型
U0325,62,1153.8,18.60967741935484,5.002907668560104,6.7,28.5,50,W08,8,6.2,23.076,30,32,0.4838709677419355,0,高消费型
U0326,42,558.9,13.307142857142855,4.839894821329601,5.1,24.8,40,W02,7,5.25,13.9725,34,8,0.8095238095238095,2,偶尔就餐型
U0327,99,1288.2,13.012121212121212,3.41802761859588,6.4,22.3,72,W05,8,6.875,17.891666666666666,48,51,0.4848484848484848,3,规律高消费型
U0328,99,1369.3,13.83131313131313,4.214809809170381,6.0,22.7,77,W03,8,6.428571428571429,17.783116883116882,52,47,0.5252525252525253,3,规律高消费型
U0329,92,1266.1,13.76195652173913,3.917524515272265,7.0,23.9,68,W04,7,6.764705882352942,18.61911764705882,49,43,0.532608695652174,3,规律高消费型
U0330,164,2154.3,13.135975609756098,4.540518161764752,6.0,25.1,96,W06,8,8.541666666666666,22.440625,93,71,0.5670731707317073,1,规律经济型
U0331,151,1822.0,12.066225165562914,3.8732395987031936,5.2,21.8,97,W05,8,7.783505154639175,18.783505154639176,90,61,0.5960264900662252,1,规律经济型
U0332,42,561.2,13.361904761904762,4.883319162156919,6.4,24.4,41,W02,8,5.121951219512195,13.687804878048782,24,18,0.5714285714285714,2,偶尔就餐型
U0333,148,1872.3,12.650675675675677,3.74793360974788,5.2,23.8,93,W06,8,7.956989247311828,20.13225806451613,82,66,0.5540540540540541,1,规律经济型
U0334,152,1739.2,11.442105263157895,3.6437104717706807,4.9,23.7,91,W06,8,8.351648351648352,19.11208791208791,85,67,0.5592105263157895,1,规律经济型
U0335,131,1865.5,14.240458015267176,4.385128339950737,5.4,23.5,89,W03,8,7.359550561797753,20.96067415730337,82,49,0.6259541984732825,1,规律经济型
U0336,135,1827.3,13.535555555555556,4.808053981038183,6.6,25.6,94,W01,8,7.180851063829787,19.43936170212766,82,53,0.6074074074074074,1,规律经济型
U0337,36,435.2,12.088888888888889,4.665299119350856,4.7,21.2,32,W07,8,5.625,13.6,24,12,0.6666666666666666,2,偶尔就餐型
U0338,29,444.2,15.317241379310344,6.45705975577547,5.5,24.9,28,W08,7,5.178571428571429,15.864285714285714,23,6,0.7931034482758621,2,偶尔就餐型
U0339,105,1293.9,12.322857142857144,4.535230829992965,5.2,23.5,77,W02,8,6.8181818181818175,16.803896103896104,58,47,0.5523809523809524,3,规律高消费型
U0340,147,1893.5,12.88095238095238,3.4738422400385143,5.7,25.1,93,W06,8,7.903225806451612,20.36021505376344,92,55,0.6258503401360545,1,规律经济型
U0341,103,1487.2,14.438834951456313,4.520329525765961,7.0,25.8,72,W01,8,7.152777777777778,20.655555555555555,49,54,0.4757281553398058,3,规律高消费型
U0342,72,975.1,13.543055555555556,5.404584032120362,5.6,25.4,59,W08,8,6.101694915254238,16.527118644067798,43,29,0.5972222222222222,3,规律高消费型
U0343,153,1770.9,11.574509803921568,4.061266483366537,5.1,24.7,95,W04,8,8.052631578947368,18.641052631578948,91,62,0.5947712418300654,1,规律经济型
U0344,99,1425.1,14.394949494949492,4.787704783010326,6.0,24.9,77,W05,8,6.428571428571429,18.507792207792207,61,38,0.6161616161616161,3,规律高消费型
U0345,147,1708.1,11.619727891156462,3.459662653912125,5.3,25.9,92,W01,8,7.989130434782608,18.566304347826087,85,62,0.5782312925170068,1,规律经济型
U0346,91,1098.3,12.069230769230767,4.444139519454363,5.4,25.4,67,W07,8,6.791044776119403,16.392537313432836,50,41,0.5494505494505495,3,规律高消费型
U0347,86,1116.5,12.982558139534884,4.82503744235311,5.6,25.9,66,W05,8,6.515151515151515,16.916666666666668,54,32,0.627906976744186,3,规律高消费型
U0348,144,1695.3,11.772916666666667,3.8138360320968543,4.8,22.3,92,W04,8,7.826086956521739,18.42717391304348,88,56,0.6111111111111112,1,规律经济型
U0349,155,1667.2,10.756129032258064,3.5979266011688464,4.9,22.9,96,W07,8,8.072916666666666,17.366666666666667,90,65,0.5806451612903226,1,规律经济型
U0350,92,1154.3,12.546739130434782,4.231707916107064,5.2,24.6,73,W05,8,6.301369863013698,15.812328767123288,57,35,0.6195652173913043,3,规律高消费型
U0351,82,987.4,12.041463414634146,3.7799977535923888,5.6,25.9,68,W05,8,6.029411764705882,14.520588235294117,51,31,0.6219512195121951,3,规律高消费型
U0352,27,332.3,12.307407407407409,3.866714559090376,5.1,22.7,27,W06,7,5.0,12.307407407407409,17,10,0.6296296296296297,2,偶尔就餐型
U0353,101,1603.5,15.876237623762377,4.778956968101961,5.1,25.4,80,W08,8,6.3125,20.04375,58,43,0.5742574257425742,3,规律高消费型
U0354,145,1671.6,11.528275862068964,3.2684880859223115,4.8,23.5,91,W06,8,7.967032967032966,18.369230769230768,80,65,0.5517241379310345,1,规律经济型
U0355,155,1964.8,12.676129032258064,3.2063671207634186,5.6,23.4,95,W06,8,8.157894736842104,20.682105263157894,90,65,0.5806451612903226,1,规律经济型
U0356,95,1145.7,12.06,4.074163535087698,5.4,23.7,71,W02,8,6.690140845070422,16.13661971830986,41,54,0.431578947368421,3,规律高消费型
U0357,142,2007.5,14.137323943661972,4.407691683798066,5.3,25.5,91,W01,8,7.802197802197802,22.06043956043956,87,55,0.6126760563380281,1,规律经济型
U0358,91,1241.5,13.642857142857142,4.790851069304281,5.3,24.9,70,W04,8,6.5,17.735714285714284,59,32,0.6483516483516484,3,规律高消费型
U0359,63,1174.3,18.63968253968254,5.401300311858595,8.0,28.7,52,W04,8,6.057692307692308,22.582692307692305,35,28,0.5555555555555556,0,高消费型
U0360,91,1345.6,14.786813186813186,5.956046578267403,5.5,25.2,70,W07,8,6.5,19.22285714285714,56,35,0.6153846153846154,3,规律高消费型
U0361,147,1691.6,11.50748299319728,2.788407716580713,5.8,22.8,91,W01,8,8.076923076923077,18.589010989010987,88,59,0.5986394557823129,1,规律经济型
U0362,92,1313.1,14.27282608695652,4.302851169771284,5.3,24.3,71,W03,8,6.47887323943662,18.494366197183098,59,33,0.6413043478260869,3,规律高消费型
U0363,82,1141.7,13.923170731707318,4.706111046327675,7.7,24.3,68,W05,8,6.029411764705882,16.78970588235294,50,32,0.6097560975609756,3,规律高消费型
U0364,77,986.4,12.81038961038961,4.638443035499611,5.7,24.7,59,W07,7,6.52542372881356,16.71864406779661,43,34,0.5584415584415584,3,规律高消费型
U0365,61,1257.0,20.60655737704918,6.20649844524428,6.9,31.8,53,W04,8,5.754716981132075,23.71698113207547,37,24,0.6065573770491803,0,高消费型
U0366,151,2070.6,13.712582781456954,4.172981422368769,5.0,23.6,93,W03,8,8.118279569892472,22.264516129032256,88,63,0.5827814569536424,1,规律经济型
U0367,93,1786.9,19.213978494623657,4.975583675567719,6.1,29.3,70,W08,8,6.642857142857142,25.52714285714286,38,55,0.4086021505376344,0,高消费型
U0368,53,1084.7,20.466037735849056,5.785025210909311,7.5,31.9,44,W04,8,6.022727272727273,24.652272727272727,34,19,0.6415094339622641,0,高消费型
U0369,133,1831.6,13.77142857142857,3.616682127363366,5.8,24.5,92,W04,8,7.228260869565217,19.90869565217391,87,46,0.6541353383458647,1,规律经济型
U0370,143,1811.0,12.664335664335663,3.8240971611353713,5.1,24.0,92,W05,8,7.771739130434783,19.68478260869565,84,59,0.5874125874125874,1,规律经济型
U0371,137,1928.1,14.073722627737226,4.995972938174257,5.5,24.9,94,W06,8,7.287234042553191,20.51170212765957,90,47,0.656934306569343,1,规律经济型
U0372,134,1339.7,9.99776119402985,2.9817355398762277,4.9,20.4,92,W02,8,7.282608695652174,14.56195652173913,85,49,0.6343283582089553,3,规律高消费型
U0373,138,1511.7,10.954347826086956,3.8164094327555977,5.0,22.7,92,W07,8,7.5,16.431521739130435,88,50,0.6376811594202898,1,规律经济型
U0374,92,1148.0,12.478260869565217,4.81455727739873,5.5,25.4,75,W07,8,6.133333333333333,15.306666666666668,61,31,0.6630434782608695,3,规律高消费型
U0375,152,1876.3,12.344078947368422,4.764795480105727,5.4,25.7,96,W07,8,7.916666666666666,19.544791666666665,90,62,0.5921052631578947,1,规律经济型
U0376,146,1910.7,13.086986301369864,4.015113923726289,6.1,26.0,94,W02,8,7.76595744680851,20.32659574468085,87,59,0.5958904109589042,1,规律经济型
U0377,25,277.3,11.092,3.41466445398861,5.4,18.1,25,W05,7,5.0,11.092,22,3,0.88,2,偶尔就餐型
U0378,138,1865.7,13.519565217391303,3.9390216780803815,6.4,25.5,92,W01,8,7.5,20.27934782608696,91,47,0.6594202898550725,1,规律经济型
U0379,36,503.4,13.983333333333334,4.468396964076875,8.1,24.9,32,W04,8,5.625,15.73125,26,10,0.7222222222222222,2,偶尔就餐型
U0380,127,1454.7,11.454330708661418,4.071771891229692,5.4,24.0,92,W04,8,6.902173913043478,15.81195652173913,86,41,0.6771653543307087,3,规律高消费型
U0381,130,1580.9,12.160769230769231,3.3831203466128823,6.7,24.9,90,W01,8,7.222222222222222,17.565555555555555,80,50,0.6153846153846154,1,规律经济型
U0382,90,1402.4,15.582222222222224,3.982929241565917,7.8,25.1,73,W04,8,6.164383561643836,19.21095890410959,44,46,0.4888888888888889,3,规律高消费型
U0383,98,1216.3,12.411224489795918,3.8638926649694074,6.2,23.8,74,W05,7,6.621621621621622,16.436486486486487,53,45,0.5408163265306123,3,规律高消费型
U0384,38,383.4,10.089473684210526,3.467828160093492,5.1,19.4,36,W02,7,5.277777777777778,10.65,19,19,0.5,2,偶尔就餐型
U0385,21,260.5,12.404761904761903,4.3154925779656015,6.3,22.5,21,W02,8,5.0,12.404761904761903,10,11,0.4761904761904761,2,偶尔就餐型
U0386,30,374.2,12.473333333333333,5.375354572640693,4.7,23.1,27,W07,6,5.555555555555555,13.85925925925926,20,10,0.6666666666666666,2,偶尔就餐型
U0387,147,1732.3,11.7843537414966,4.069679073885414,5.3,23.9,94,W07,8,7.819148936170213,18.42872340425532,85,62,0.5782312925170068,1,规律经济型
U0388,150,1898.2,12.654666666666667,3.5214698476833752,6.4,23.8,96,W01,8,7.8125,19.772916666666667,91,59,0.6066666666666667,1,规律经济型
U0389,22,302.7,13.759090909090908,4.627522127333486,7.6,21.8,20,W05,6,5.5,15.135,10,12,0.4545454545454545,2,偶尔就餐型
U0390,49,552.3,11.27142857142857,3.0313638294778587,7.1,22.0,44,W02,7,5.5681818181818175,12.552272727272726,29,20,0.5918367346938775,2,偶尔就餐型
U0391,55,1110.9,20.19818181818182,6.329574642226376,8.7,31.8,48,W08,8,5.729166666666666,23.14375,28,27,0.509090909090909,0,高消费型
U0392,85,1246.7,14.667058823529413,5.041409200083751,7.7,26.3,65,W02,8,6.538461538461538,19.18,48,37,0.5647058823529412,3,规律高消费型
U0393,156,1841.5,11.80448717948718,4.18313577315018,4.9,22.1,94,W03,8,8.297872340425531,19.59042553191489,91,65,0.5833333333333334,1,规律经济型
U0394,18,217.1,12.06111111111111,3.779999827091327,5.8,19.1,18,W07,6,5.0,12.06111111111111,13,5,0.7222222222222222,2,偶尔就餐型
U0395,136,1932.9,14.2125,3.886223292797454,5.6,25.2,91,W03,8,7.472527472527473,21.24065934065934,88,48,0.6470588235294118,1,规律经济型
U0396,68,1392.2,20.473529411764705,6.046748667414847,7.3,32.2,56,W08,8,6.071428571428571,24.860714285714288,37,31,0.5441176470588235,0,高消费型
U0397,23,273.2,11.878260869565215,3.920570056154767,8.0,22.5,21,W05,7,5.476190476190476,13.00952380952381,12,11,0.5217391304347826,2,偶尔就餐型
U0398,94,943.8,10.040425531914892,2.818957297846678,5.2,20.3,75,W05,8,6.266666666666668,12.584,48,46,0.5106382978723404,3,规律高消费型
U0399,27,345.2,12.785185185185185,4.138441150565652,5.0,20.3,23,W03,7,5.869565217391305,15.008695652173913,14,13,0.5185185185185185,2,偶尔就餐型
U0400,25,320.4,12.816,4.174593792614238,5.6,24.6,23,W04,8,5.434782608695652,13.930434782608694,9,16,0.36,2,偶尔就餐型
U0401,159,2360.7,14.847169811320754,4.703793396725975,6.3,25.2,92,W08,8,8.641304347826086,25.65978260869565,87,72,0.5471698113207547,1,规律经济型
U0402,63,1244.5,19.753968253968253,5.409663557507763,7.0,29.4,59,W03,8,5.338983050847458,21.09322033898305,40,23,0.6349206349206349,0,高消费型
U0403,101,1362.7,13.492079207920792,5.693411686648293,5.4,26.1,74,W08,8,6.824324324324325,18.414864864864864,58,43,0.5742574257425742,3,规律高消费型
U0404,27,314.0,11.62962962962963,4.8320098394269735,5.1,24.5,26,W07,7,5.1923076923076925,12.076923076923077,18,9,0.6666666666666666,2,偶尔就餐型
U0405,138,1930.1,13.98623188405797,3.981236869558344,5.7,23.6,92,W06,8,7.5,20.979347826086958,88,50,0.6376811594202898,1,规律经济型
U0406,25,312.7,12.508,5.171228093983093,6.1,24.1,24,W05,6,5.208333333333334,13.029166666666669,19,6,0.76,2,偶尔就餐型
U0407,146,2127.7,14.573287671232876,3.718421821258646,5.6,23.5,91,W04,8,8.021978021978022,23.38131868131868,88,58,0.6027397260273972,1,规律经济型
U0408,145,1996.7,13.770344827586207,5.168549712469467,5.7,25.9,94,W02,8,7.712765957446809,21.24148936170213,88,57,0.6068965517241379,1,规律经济型
U0409,52,1005.2,19.33076923076923,5.220455184929588,6.5,29.9,44,W03,7,5.909090909090909,22.845454545454547,32,20,0.6153846153846154,0,高消费型
U0410,152,1724.6,11.346052631578948,3.539463078579685,5.7,23.1,93,W02,8,8.172043010752688,18.54408602150537,91,61,0.5986842105263158,1,规律经济型
U0411,148,1692.1,11.433108108108108,3.0939569915860408,5.7,22.4,93,W01,8,7.956989247311828,18.19462365591398,88,60,0.5945945945945946,1,规律经济型
U0412,78,1522.4,19.51794871794872,6.187161898719991,7.1,32.3,64,W04,8,6.09375,23.7875,47,31,0.6025641025641025,0,高消费型
U0413,48,864.8,18.016666666666666,4.661217690111666,6.3,27.3,42,W04,7,5.7142857142857135,20.59047619047619,27,21,0.5625,0,高消费型
U0414,75,1104.8,14.730666666666666,4.808409675100866,6.3,26.3,60,W03,8,6.25,18.41333333333333,49,26,0.6533333333333333,3,规律高消费型
U0415,98,1162.1,11.85816326530612,3.475597507612944,7.2,23.0,72,W04,8,6.805555555555555,16.140277777777776,62,36,0.6326530612244898,3,规律高消费型
U0416,90,1257.6,13.973333333333333,4.119637815431968,7.6,26.0,70,W05,8,6.428571428571429,17.965714285714284,47,43,0.5222222222222223,3,规律高消费型
U0417,139,2042.6,14.694964028776978,4.889004577576735,5.4,24.8,95,W08,8,7.315789473684211,21.501052631578947,83,56,0.5971223021582733,1,规律经济型
U0418,146,1922.5,13.167808219178085,4.926269273605526,6.3,24.7,93,W08,8,7.849462365591398,20.672043010752688,89,57,0.6095890410958904,1,规律经济型
U0419,96,1237.2,12.8875,4.627384165003626,5.8,26.8,73,W07,8,6.575342465753424,16.947945205479453,59,37,0.6145833333333334,3,规律高消费型
U0420,33,423.5,12.833333333333334,4.310863215954163,6.0,24.0,33,W04,7,5.0,12.833333333333334,28,5,0.8484848484848485,2,偶尔就餐型
U0421,32,424.1,13.253125,3.746739173666065,8.8,22.7,28,W06,7,5.7142857142857135,15.146428571428572,21,11,0.65625,2,偶尔就餐型
U0422,38,513.8,13.521052631578948,4.545217735975397,6.3,23.3,34,W02,7,5.588235294117647,15.11176470588235,19,19,0.5,2,偶尔就餐型
U0423,151,1877.3,12.432450331125828,3.3956550603945668,6.9,21.0,94,W06,7,8.03191489361702,19.97127659574468,89,62,0.5894039735099338,1,规律经济型
U0424,89,1240.7,13.940449438202249,4.760531843405055,5.8,25.8,72,W06,8,6.180555555555555,17.231944444444444,58,31,0.651685393258427,3,规律高消费型
U0425,161,1929.2,11.982608695652177,2.821027410744871,5.7,25.1,97,W05,8,8.29896907216495,19.888659793814437,96,65,0.5962732919254659,1,规律经济型
U0426,100,1419.4,14.194,4.799512180598896,6.6,24.8,69,W03,8,7.246376811594203,20.571014492753623,59,41,0.59,3,规律高消费型
U0427,84,1183.4,14.08809523809524,4.648782837511179,5.9,24.0,63,W06,8,6.666666666666666,18.784126984126985,37,47,0.4404761904761904,3,规律高消费型
U0428,25,316.2,12.648,4.250894023614327,6.0,19.5,23,W01,8,5.434782608695652,13.747826086956522,16,9,0.64,2,偶尔就餐型
U0429,152,1836.9,12.084868421052631,3.743511116486909,6.4,25.6,93,W02,8,8.172043010752688,19.75161290322581,91,61,0.5986842105263158,1,规律经济型
U0430,151,2062.3,13.657615894039736,3.832656817162959,5.2,23.6,93,W06,8,8.118279569892472,22.1752688172043,85,66,0.5629139072847682,1,规律经济型
U0431,143,1642.6,11.486713286713286,3.0493877880658795,4.9,22.1,95,W05,8,7.526315789473684,17.290526315789474,81,62,0.5664335664335665,1,规律经济型
U0432,18,214.5,11.916666666666666,3.5210710268994267,7.1,17.2,18,W04,7,5.0,11.916666666666666,9,9,0.5,2,偶尔就餐型
U0433,81,1290.2,15.928395061728397,5.139923019070938,6.1,26.4,68,W08,8,5.955882352941177,18.973529411764705,51,30,0.6296296296296297,3,规律高消费型
U0434,159,2364.7,14.872327044025155,4.6343231306963295,5.5,25.7,96,W03,8,8.28125,24.632291666666664,90,69,0.5660377358490566,1,规律经济型
U0435,144,1793.3,12.453472222222222,3.720532956679794,6.0,22.8,92,W06,8,7.826086956521739,19.492391304347827,91,53,0.6319444444444444,1,规律经济型
U0436,29,365.1,12.589655172413794,4.270943758835159,5.0,21.9,26,W01,8,5.576923076923077,14.042307692307691,10,19,0.3448275862068966,2,偶尔就餐型
U0437,155,1818.0,11.729032258064516,4.596130045490072,5.3,26.1,94,W05,8,8.24468085106383,19.34042553191489,90,65,0.5806451612903226,1,规律经济型
U0438,22,231.6,10.527272727272727,1.7878376985519793,7.8,14.9,22,W01,6,5.0,10.527272727272727,9,13,0.4090909090909091,2,偶尔就餐型
U0439,20,252.8,12.64,4.2841691450219255,7.1,20.5,19,W03,7,5.263157894736842,13.305263157894736,11,9,0.55,2,偶尔就餐型
U0440,147,1759.8,11.971428571428572,3.825616612489211,4.9,23.6,90,W04,8,8.166666666666666,19.55333333333333,83,64,0.564625850340136,1,规律经济型
U0441,131,1461.3,11.154961832061067,3.762041461769191,5.2,22.3,89,W06,8,7.359550561797753,16.419101123595507,80,51,0.6106870229007634,1,规律经济型
U0442,52,1015.8,19.534615384615385,4.651075549885109,6.2,29.5,46,W03,6,5.652173913043478,22.082608695652173,29,23,0.5576923076923077,0,高消费型
U0443,137,1820.1,13.285401459854016,4.113170026698053,5.2,24.2,95,W03,8,7.210526315789474,19.158947368421053,87,50,0.635036496350365,1,规律经济型
U0444,137,1546.3,11.286861313868611,4.250377448952727,5.3,24.9,93,W07,8,7.365591397849462,16.626881720430106,92,45,0.6715328467153284,1,规律经济型
U0445,26,385.8,14.83846153846154,3.959401664198965,7.6,24.3,22,W08,7,5.909090909090909,17.536363636363635,10,16,0.3846153846153846,2,偶尔就餐型
U0446,70,1296.2,18.517142857142854,5.910638196704274,6.1,29.8,61,W03,8,5.737704918032787,21.249180327868853,35,35,0.5,0,高消费型
U0447,35,651.2,18.60571428571429,5.525925147836859,7.4,28.5,33,W08,7,5.303030303030303,19.73333333333333,21,14,0.6,0,高消费型
U0448,23,246.0,10.695652173913045,4.8389027926952775,4.9,21.1,22,W07,5,5.227272727272727,11.181818181818182,8,15,0.3478260869565217,2,偶尔就餐型
U0449,139,1760.1,12.662589928057551,3.4504625478898583,5.0,21.9,88,W04,8,7.897727272727273,20.001136363636363,75,64,0.539568345323741,1,规律经济型
U0450,147,1741.0,11.843537414965986,3.453726754808232,5.2,23.0,97,W05,8,7.577319587628866,17.948453608247423,95,52,0.6462585034013606,1,规律经济型
U0451,13,130.5,10.038461538461538,2.120746119308982,7.1,14.1,13,W02,6,5.0,10.038461538461538,5,8,0.3846153846153846,2,偶尔就餐型
U0452,102,1472.9,14.440196078431374,4.199204540511665,6.2,24.3,77,W03,8,6.623376623376624,19.12857142857143,60,42,0.5882352941176471,3,规律高消费型
U0453,107,1519.3,14.199065420560748,3.865510177148941,8.1,24.3,77,W03,8,6.948051948051948,19.73116883116883,62,45,0.5794392523364486,3,规律高消费型
U0454,76,1400.3,18.425,5.3266155608729004,6.1,27.9,66,W08,8,5.757575757575758,21.216666666666665,46,30,0.6052631578947368,0,高消费型
U0455,156,1777.1,11.391666666666666,4.363292014557479,4.9,24.0,92,W07,8,8.478260869565217,19.316304347826087,85,71,0.5448717948717948,1,规律经济型
U0456,90,1113.3,12.37,4.468175858850901,5.0,24.0,68,W02,8,6.617647058823529,16.37205882352941,52,38,0.5777777777777777,3,规律高消费型
U0457,153,2140.1,13.987581699346403,4.272591969713805,5.7,25.3,96,W03,8,7.96875,22.292708333333334,94,59,0.6143790849673203,1,规律经济型
U0458,80,956.0,11.95,4.282670407909626,5.9,23.8,59,W02,8,6.779661016949152,16.203389830508474,45,35,0.5625,3,规律高消费型
U0459,139,1509.2,10.857553956834533,2.776009502167732,5.4,20.0,92,W01,8,7.554347826086957,16.40434782608696,79,60,0.5683453237410072,1,规律经济型
U0460,147,1555.2,10.579591836734696,3.3972780961232267,5.1,21.9,95,W05,8,7.736842105263157,16.370526315789473,87,60,0.5918367346938775,1,规律经济型
U0461,143,2008.0,14.041958041958042,4.913109978435143,5.3,24.4,94,W08,8,7.606382978723404,21.361702127659573,90,53,0.6293706293706294,1,规律经济型
U0462,102,1197.7,11.742156862745098,3.654603397764584,5.4,25.1,73,W05,8,6.986301369863014,16.406849315068495,55,47,0.5392156862745098,3,规律高消费型
U0463,47,599.4,12.753191489361702,5.1811049293197735,5.2,24.8,39,W07,8,6.0256410256410255,15.369230769230768,29,18,0.6170212765957447,2,偶尔就餐型
U0464,100,1359.2,13.592,3.893705876738181,7.1,22.1,74,W03,8,6.756756756756756,18.36756756756757,53,47,0.53,3,规律高消费型
U0465,69,1377.3,19.96086956521739,4.723820032910314,9.7,31.3,56,W04,8,6.160714285714287,24.59464285714285,36,33,0.5217391304347826,0,高消费型
U0466,140,1838.9,13.135,4.06670858373648,5.4,22.8,94,W01,8,7.446808510638298,19.56276595744681,87,53,0.6214285714285714,1,规律经济型
U0467,162,1882.7,11.621604938271606,4.487466592007722,5.2,25.3,95,W07,8,8.526315789473685,19.817894736842103,91,71,0.5617283950617284,1,规律经济型
U0468,29,355.2,12.248275862068963,4.366971874165633,5.6,23.2,27,W01,7,5.370370370370371,13.155555555555557,20,9,0.6896551724137931,2,偶尔就餐型
U0469,149,2162.7,14.51476510067114,5.013850759415635,6.1,25.5,94,W08,8,7.925531914893616,23.00744680851064,88,61,0.5906040268456376,1,规律经济型
U0470,63,1200.3,19.05238095238095,5.619173890117057,6.6,28.9,55,W08,8,5.727272727272728,21.823636363636364,28,35,0.4444444444444444,0,高消费型
U0471,162,2201.3,13.588271604938273,4.055352812652596,5.2,24.4,96,W03,8,8.4375,22.930208333333336,91,71,0.5617283950617284,1,规律经济型
U0472,47,933.4,19.859574468085107,4.912878354694893,10.6,30.9,41,W04,7,5.7317073170731705,22.765853658536585,23,24,0.4893617021276595,0,高消费型
U0473,157,2084.9,13.279617834394903,3.976481160161053,6.1,22.7,96,W03,8,8.177083333333334,21.71770833333333,95,62,0.6050955414012739,1,规律经济型
U0474,22,286.2,13.009090909090908,3.621090218745505,6.8,22.1,21,W04,7,5.238095238095238,13.628571428571428,10,12,0.4545454545454545,2,偶尔就餐型
U0475,77,1162.0,15.090909090909092,4.039905607879244,6.4,24.4,62,W01,7,6.209677419354839,18.741935483870968,42,35,0.5454545454545454,3,规律高消费型
U0476,67,1198.5,17.888059701492537,5.137430155480689,6.1,28.6,58,W08,7,5.775862068965517,20.66379310344828,28,39,0.417910447761194,0,高消费型
U0477,141,2019.1,14.319858156028369,4.788262730859342,4.9,24.1,90,W08,8,7.833333333333333,22.434444444444445,87,54,0.6170212765957447,1,规律经济型
U0478,107,1334.1,12.46822429906542,3.908061289636452,5.9,22.8,76,W02,8,7.039473684210527,17.553947368421053,61,46,0.5700934579439252,3,规律高消费型
U0479,55,1042.3,18.95090909090909,4.521875746784764,6.6,27.8,47,W04,8,5.851063829787234,22.17659574468085,17,38,0.3090909090909091,0,高消费型
U0480,90,1054.7,11.71888888888889,4.591391418301748,5.0,24.9,68,W07,8,6.617647058823529,15.51029411764706,55,35,0.6111111111111112,3,规律高消费型
U0481,107,1730.0,16.16822429906542,5.100473491354284,5.4,26.5,79,W03,8,6.772151898734177,21.89873417721519,64,43,0.5981308411214953,1,规律经济型
U0482,87,1106.1,12.713793103448277,4.1753755551403415,6.4,23.6,73,W04,8,5.958904109589041,15.152054794520549,51,36,0.5862068965517241,3,规律高消费型
U0483,80,976.5,12.20625,4.122594235168931,5.4,22.0,61,W07,8,6.557377049180327,16.008196721311474,47,33,0.5875,3,规律高消费型
U0484,98,1312.5,13.392857142857142,5.0009122879071,5.1,24.1,74,W08,8,6.621621621621622,17.736486486486488,56,42,0.5714285714285714,3,规律高消费型
U0485,100,1356.0,13.56,4.746609635340053,5.4,24.8,80,W06,8,6.25,16.95,65,35,0.65,3,规律高消费型
U0486,67,1295.5,19.33582089552239,4.786018193577385,7.6,28.5,58,W03,8,5.775862068965517,22.33620689655172,39,28,0.582089552238806,0,高消费型
U0487,152,1895.3,12.469078947368422,5.410955694713262,5.3,25.0,95,W08,8,8.0,19.950526315789475,88,64,0.5789473684210527,1,规律经济型
U0488,140,1744.5,12.460714285714284,4.741667381635688,5.5,24.3,94,W02,8,7.446808510638298,18.55851063829787,91,49,0.65,1,规律经济型
U0489,67,1392.1,20.777611940298502,5.3146686916188335,8.9,31.8,58,W04,7,5.775862068965517,24.00172413793103,40,27,0.5970149253731343,0,高消费型
U0490,19,222.5,11.710526315789474,2.5813206647507023,5.5,16.6,18,W06,8,5.277777777777778,12.36111111111111,12,7,0.631578947368421,2,偶尔就餐型
U0491,108,1345.9,12.462037037037035,3.866649098502719,6.9,22.9,82,W03,8,6.585365853658537,16.413414634146342,62,46,0.5740740740740741,3,规律高消费型
U0492,84,989.0,11.773809523809524,4.529930424413679,5.0,24.6,64,W07,8,6.5625,15.453125,50,34,0.5952380952380952,3,规律高消费型
U0493,158,2421.0,15.322784810126585,4.838393410437259,5.5,24.5,94,W08,8,8.404255319148938,25.75531914893617,89,69,0.5632911392405063,1,规律经济型
U0494,142,2082.9,14.668309859154933,5.056929375798816,5.2,25.1,96,W05,8,7.395833333333334,21.696875,92,50,0.647887323943662,1,规律经济型
U0495,78,1006.4,12.902564102564105,4.672911002372852,5.1,23.1,64,W07,8,6.09375,15.725,49,29,0.6282051282051282,3,规律高消费型
U0496,137,1649.8,12.042335766423358,4.423894388760036,4.8,22.7,92,W07,8,7.445652173913043,17.932608695652174,81,56,0.5912408759124088,1,规律经济型
U0497,106,1562.9,14.74433962264151,4.8210467187645385,6.9,25.6,80,W01,8,6.625,19.536250000000003,66,40,0.6226415094339622,3,规律高消费型
U0498,153,2094.2,13.687581699346405,4.750586117044122,6.5,24.0,94,W02,8,8.138297872340425,22.27872340425532,86,67,0.5620915032679739,1,规律经济型
U0499,56,1018.9,18.194642857142856,5.502542210580558,6.9,28.9,47,W03,8,5.957446808510638,21.67872340425532,33,23,0.5892857142857143,0,高消费型
U0500,82,1507.7,18.38658536585366,4.942652913765648,5.9,29.1,64,W03,7,6.40625,23.5578125,44,38,0.5365853658536586,0,高消费型
