card_id,total_transactions,total_spending,avg_amount,std_amount,min_amount,max_amount,active_days,favorite_window,num_windows_used,weekly_avg_transactions,daily_avg_spending,meal_午餐,meal_晚餐,lunch_ratio
U0001,215,2885.5,13.42093023255814,4.25334162964536,5.9,25.2,87,W02,8,12.35632183908046,33.166666666666664,121,94,0.5627906976744186
U0002,186,3031.8,16.3,5.225457435039099,6.4,29.8,87,W03,8,10.689655172413792,34.84827586206897,79,107,0.42473118279569894
U0003,64,830.7,12.9796875,4.169662910797771,5.5,23.8,49,W01,8,6.530612244897958,16.953061224489797,34,30,0.53125
U0004,152,1993.9,13.117763157894737,4.421711963171751,5.3,25.4,74,W06,8,10.27027027027027,26.944594594594594,75,77,0.4934210526315789
U0005,214,2886.2,13.486915887850467,4.122663438103801,5.3,24.8,84,W02,8,12.738095238095237,34.35952380952381,112,102,0.5233644859813084
U0006,218,2671.8,12.255963302752294,3.8338999934710656,4.8,23.4,90,W06,8,12.11111111111111,29.686666666666667,108,110,0.4954128440366973
U0007,221,2792.3,12.634841628959277,4.051106313239416,5.1,24.5,87,W06,8,12.701149425287356,32.09540229885058,98,123,0.4434389140271493
U0008,74,916.8,12.389189189189189,3.416982870357983,5.2,23.8,48,W02,8,7.708333333333334,19.099999999999998,37,37,0.5
U0009,175,2210.4,12.630857142857144,3.592771615587804,5.2,22.6,84,W01,8,10.416666666666668,26.314285714285717,94,81,0.5371428571428571
U0010,51,672.7,13.190196078431374,4.1085401252493945,6.4,23.8,39,W01,8,6.538461538461538,17.24871794871795,21,30,0.4117647058823529
U0011,243,3161.5,13.010288065843621,4.060474812358664,5.0,24.8,91,W06,8,13.35164835164835,34.74175824175824,117,126,0.48148148148148145
U0012,201,2928.2,14.568159203980098,4.581875281424338,5.8,27.6,81,W01,8,12.407407407407407,36.150617283950616,89,112,0.4427860696517413
U0013,46,573.2,12.460869565217392,4.5067592821286935,5.1,22.5,41,W04,8,5.609756097560976,13.98048780487805,15,31,0.32608695652173914
U0014,193,2420.4,12.540932642487046,4.009835974490021,5.9,25.4,80,W02,8,12.0625,30.255000000000003,94,99,0.48704663212435234
U0015,193,2368.3,12.27098445595855,3.9496687050897643,5.1,23.0,88,W06,8,10.965909090909092,26.9125,85,108,0.44041450777202074
U0016,202,2542.2,12.585148514851484,3.8517783226050697,5.3,23.7,84,W04,8,12.023809523809524,30.264285714285712,89,113,0.4405940594059406
U0017,228,3042.7,13.34517543859649,4.217879236705257,5.5,25.5,88,W01,8,12.954545454545453,34.57613636363636,104,124,0.45614035087719296
U0018,126,1627.8,12.91904761904762,3.6052342899892498,5.6,22.3,64,W04,8,9.84375,25.434375,70,56,0.5555555555555556
U0019,139,1834.7,13.199280575539568,4.03187474649592,6.7,25.4,78,W04,8,8.91025641025641,23.52179487179487,89,50,0.6402877697841727
U0020,189,2365.6,12.516402116402116,4.085352112119039,4.9,24.2,83,W06,8,11.385542168674698,28.501204819277106,91,98,0.48148148148148145
U0021,130,1689.9,12.99923076923077,4.008798388541901,6.2,24.2,72,W06,8,9.027777777777779,23.470833333333335,70,60,0.5384615384615384
U0022,201,2587.7,12.87412935323383,3.9884241704192003,5.7,24.4,82,W06,8,12.25609756097561,31.55731707317073,110,91,0.5472636815920398
U0023,232,2881.1,12.41853448275862,4.220158950312815,4.8,23.0,85,W02,8,13.647058823529413,33.895294117647055,105,127,0.4525862068965517
U0024,244,2954.1,12.106967213114753,4.047677866894417,4.8,23.4,88,W02,8,13.863636363636365,33.56931818181818,123,121,0.5040983606557377
U0025,185,2612.7,14.122702702702702,4.599152006341855,6.2,25.8,79,W01,8,11.708860759493671,33.07215189873418,96,89,0.518918918918919
U0026,73,903.8,12.380821917808218,3.9142779075189225,5.3,23.0,47,W01,8,7.76595744680851,19.22978723404255,34,39,0.4657534246575342
U0027,237,3045.6,12.850632911392404,3.75298322302433,5.5,25.6,89,W06,8,13.314606741573034,34.220224719101125,117,120,0.4936708860759494
U0028,139,1744.5,12.550359712230216,4.030883926881089,5.1,25.4,75,W06,8,9.266666666666666,23.26,72,67,0.5179856115107914
U0029,154,2188.6,14.211688311688311,4.449703640744035,6.1,26.3,74,W06,8,10.405405405405405,29.575675675675676,76,78,0.4935064935064935
U0030,199,2660.9,13.371356783919598,4.562554404639428,5.3,26.0,82,W01,8,12.134146341463413,32.45,104,95,0.5226130653266332
U0031,165,2192.7,13.289090909090907,4.136202720975148,5.8,25.5,78,W02,8,10.576923076923077,28.11153846153846,109,56,0.6606060606060606
U0032,225,3076.5,13.673333333333334,4.1160075142233215,5.3,25.8,87,W01,8,12.931034482758621,35.36206896551724,121,104,0.5377777777777778
U0033,205,2498.8,12.189268292682927,3.704684627261829,5.2,25.3,87,W01,8,11.781609195402298,28.721839080459773,106,99,0.5170731707317073
U0034,163,2722.5,16.70245398773006,5.493396157949875,6.4,30.6,81,W04,8,10.061728395061728,33.611111111111114,84,79,0.5153374233128835
U0035,182,3019.1,16.588461538461537,5.001019658035698,6.4,30.0,85,W06,8,10.705882352941176,35.51882352941176,91,91,0.5
U0036,58,802.4,13.83448275862069,4.49247135222638,6.3,24.3,48,W06,8,6.041666666666666,16.716666666666665,40,18,0.6896551724137931
U0037,223,2755.5,12.356502242152466,3.835084640143817,6.2,23.1,91,W04,8,12.252747252747254,30.28021978021978,119,104,0.5336322869955157
U0038,194,2474.0,12.75257731958763,3.97812914040272,5.1,24.8,85,W06,8,11.411764705882351,29.105882352941176,89,105,0.4587628865979381
U0039,145,2024.4,13.961379310344828,4.89444393344377,5.7,25.6,79,W02,8,9.177215189873419,25.625316455696204,82,63,0.5655172413793104
U0040,181,2404.2,13.282872928176795,4.165651146964601,5.4,25.8,83,W06,8,10.903614457831326,28.96626506024096,94,87,0.5193370165745856
U0041,228,3022.0,13.25438596491228,3.860374553302378,5.3,24.3,87,W06,8,13.103448275862068,34.735632183908045,130,98,0.5701754385964912
U0042,140,1733.8,12.384285714285713,3.739258408155274,4.9,21.7,80,W06,8,8.75,21.6725,53,87,0.37857142857142856
U0043,190,2323.5,12.228947368421053,3.8530348029809502,4.9,23.0,91,W04,8,10.43956043956044,25.532967032967033,101,89,0.531578947368421
U0044,178,2708.4,15.215730337078652,5.048194819192379,6.2,28.6,84,W04,8,10.595238095238095,32.24285714285715,86,92,0.48314606741573035
U0045,183,2338.1,12.776502732240436,4.263806895296398,5.2,23.9,82,W06,8,11.158536585365855,28.51341463414634,94,89,0.5136612021857924
U0046,143,1936.6,13.542657342657343,4.087984618478158,5.7,24.7,77,W01,8,9.285714285714286,25.15064935064935,68,75,0.4755244755244755
U0047,202,2725.7,13.493564356435643,4.245033172442958,5.4,25.6,81,W06,8,12.469135802469136,33.650617283950616,108,94,0.5346534653465347
U0048,147,1893.3,12.879591836734694,3.7424616244316864,6.7,23.7,78,W06,8,9.423076923076923,24.27307692307692,77,70,0.5238095238095238
U0049,143,1883.0,13.167832167832168,4.102225459200515,5.2,23.9,78,W01,8,9.166666666666666,24.141025641025642,63,80,0.4405594405594406
U0050,183,2293.5,12.532786885245901,4.182908236081138,5.5,23.6,82,W01,8,11.158536585365855,27.96951219512195,97,86,0.5300546448087432
U0051,166,2650.8,15.968674698795182,5.201420032466504,6.0,29.0,85,W04,8,9.76470588235294,31.185882352941178,77,89,0.463855421686747
U0052,70,834.3,11.918571428571427,4.088204767310669,5.1,23.5,49,W01,8,7.142857142857143,17.026530612244898,46,24,0.6571428571428571
U0053,178,2979.8,16.740449438202248,5.055739460432997,6.3,29.8,84,W04,8,10.595238095238095,35.47380952380953,88,90,0.4943820224719101
U0054,70,928.1,13.258571428571429,3.8961330832083227,7.2,24.7,55,W01,8,6.363636363636363,16.874545454545455,38,32,0.5428571428571428
U0055,168,2205.2,13.126190476190475,3.9749249696566316,5.0,23.2,73,W01,8,11.506849315068493,30.20821917808219,71,97,0.4226190476190476
U0056,150,2260.4,15.069333333333335,4.873155430301266,6.3,27.2,81,W01,8,9.25925925925926,27.906172839506173,71,79,0.47333333333333333
U0057,213,2918.1,13.7,4.254509261548712,6.2,25.4,84,W06,8,12.678571428571427,34.739285714285714,102,111,0.4788732394366197
U0058,196,2621.9,13.37704081632653,4.5216780885847045,5.3,25.5,83,W06,8,11.807228915662652,31.589156626506025,106,90,0.5408163265306123
U0059,235,2976.1,12.664255319148936,3.988433996758548,5.5,24.9,85,W06,8,13.823529411764707,35.01294117647059,107,128,0.4553191489361702
U0060,266,3522.8,13.243609022556392,3.8720839961156432,5.2,25.3,93,W06,8,14.301075268817204,37.87956989247312,149,117,0.5601503759398496
U0061,202,2602.6,12.884158415841584,4.301087046982988,5.1,25.3,85,W01,8,11.882352941176471,30.618823529411763,98,104,0.48514851485148514
U0062,240,3321.5,13.839583333333334,4.729474020634318,5.1,24.7,92,W08,8,13.043478260869566,36.10326086956522,112,128,0.4666666666666667
U0063,67,832.3,12.422388059701492,3.74420039995281,7.0,24.2,48,W01,8,6.979166666666666,17.339583333333334,37,30,0.5522388059701493
U0064,212,2864.1,13.509905660377358,4.165787760890246,5.2,25.0,87,W06,8,12.183908045977013,32.92068965517241,96,116,0.4528301886792453
U0065,213,2570.8,12.069483568075118,3.8609020130898895,4.9,23.8,88,W06,8,12.102272727272727,29.213636363636365,115,98,0.539906103286385
U0066,135,1998.4,14.802962962962964,4.2028054017390195,6.5,26.7,68,W04,8,9.926470588235293,29.38823529411765,72,63,0.5333333333333333
U0067,237,2972.1,12.540506329113924,3.859201605342757,5.1,24.5,89,W01,8,13.314606741573034,33.39438202247191,121,116,0.510548523206751
U0068,66,831.2,12.593939393939394,4.0127059271530054,6.0,22.0,48,W03,8,6.875,17.316666666666666,29,37,0.4393939393939394
U0069,205,2458.1,11.990731707317073,3.5494216528644573,5.0,23.0,88,W06,8,11.647727272727273,27.932954545454546,98,107,0.47804878048780486
U0070,127,2029.7,15.981889763779527,5.184905095071116,6.3,28.7,72,W04,8,8.819444444444445,28.19027777777778,61,66,0.48031496062992124
U0071,77,1037.5,13.474025974025974,4.530144722836433,5.2,24.5,56,W08,8,6.875,18.526785714285715,45,32,0.5844155844155844
U0072,227,2709.8,11.937444933920705,3.688304715291195,5.0,23.1,88,W06,8,12.897727272727273,30.79318181818182,113,114,0.4977973568281938
U0073,204,2706.3,13.266176470588237,3.896895706334033,4.8,23.8,81,W04,8,12.592592592592593,33.41111111111111,114,90,0.5588235294117647
U0074,62,777.4,12.538709677419355,2.8233426787310387,8.1,19.7,44,W01,8,7.045454545454546,17.668181818181818,40,22,0.6451612903225806
U0075,65,834.7,12.841538461538462,4.1297280595886505,6.1,23.8,45,W01,8,7.222222222222222,18.54888888888889,30,35,0.46153846153846156
U0076,56,720.8,12.87142857142857,3.9633188244066493,7.4,22.1,42,W02,8,6.666666666666666,17.16190476190476,37,19,0.6607142857142857
U0077,63,837.6,13.295238095238096,4.122496447363582,6.4,24.3,42,W05,8,7.5,19.942857142857143,32,31,0.5079365079365079
U0078,227,3071.3,13.529955947136564,4.55178478053568,5.0,24.4,86,W08,8,13.19767441860465,35.71279069767442,105,122,0.46255506607929514
U0079,229,2953.8,12.898689956331879,3.8377679956634987,5.5,23.7,90,W06,8,12.722222222222221,32.82,127,102,0.5545851528384279
U0080,200,2544.4,12.722000000000001,3.6197415160776445,5.2,24.0,83,W01,8,12.048192771084338,30.65542168674699,105,95,0.525
U0081,66,870.3,13.186363636363636,3.7547461806517464,6.7,24.4,47,W01,8,7.0212765957446805,18.517021276595745,24,42,0.36363636363636365
U0082,148,1836.5,12.408783783783784,3.5557738626712942,5.3,22.9,81,W01,8,9.135802469135802,22.67283950617284,65,83,0.4391891891891892
U0083,209,2494.1,11.933492822966507,3.373743035332989,5.0,21.4,86,W01,8,12.151162790697674,29.001162790697673,110,99,0.5263157894736842
U0084,197,2355.1,11.95482233502538,3.8312277024564874,4.9,22.8,84,W04,8,11.726190476190476,28.03690476190476,105,92,0.5329949238578681
U0085,206,2675.8,12.989320388349515,3.891000564062347,5.3,26.1,90,W01,8,11.444444444444443,29.73111111111111,108,98,0.5242718446601942
U0086,210,2551.3,12.14904761904762,3.814881970321277,5.0,22.6,88,W03,8,11.931818181818182,28.99204545454546,107,103,0.5095238095238095
U0087,63,804.6,12.771428571428572,4.511756276713185,5.5,22.7,48,W06,8,6.5625,16.7625,34,29,0.5396825396825397
U0088,172,2053.6,11.93953488372093,3.7010123182803047,5.1,24.0,80,W01,8,10.75,25.669999999999998,104,68,0.6046511627906976
U0089,77,1032.0,13.402597402597403,4.199121901502428,5.7,24.6,57,W08,8,6.754385964912281,18.105263157894736,30,47,0.38961038961038963
U0090,159,2212.2,13.91320754716981,4.390094044832564,5.7,24.8,80,W04,8,9.9375,27.652499999999996,90,69,0.5660377358490566
U0091,257,3377.2,13.140856031128404,3.862996029877361,5.3,25.7,87,W06,8,14.770114942528735,38.8183908045977,121,136,0.4708171206225681
U0092,61,755.2,12.38032786885246,3.9469321281273277,5.3,23.6,48,W06,8,6.354166666666666,15.733333333333334,41,20,0.6721311475409836
U0093,54,684.3,12.67222222222222,3.9215137944742176,5.4,22.5,40,W01,8,6.75,17.107499999999998,29,25,0.5370370370370371
U0094,161,2095.3,13.014285714285716,4.158934015208362,5.1,25.0,80,W05,8,10.0625,26.191250000000004,76,85,0.4720496894409938
U0095,62,732.7,11.817741935483872,3.626881611990238,5.6,20.4,44,W06,8,7.045454545454546,16.652272727272727,26,36,0.41935483870967744
U0096,156,1973.7,12.651923076923078,3.932568251424149,5.2,24.1,78,W01,8,10.0,25.303846153846155,93,63,0.5961538461538461
U0097,160,2137.1,13.356874999999999,4.375440633695503,5.3,25.0,79,W06,8,10.126582278481013,27.051898734177215,82,78,0.5125
U0098,140,1978.3,14.130714285714285,4.600092217226595,5.4,25.6,78,W04,8,8.974358974358974,25.362820512820512,62,78,0.44285714285714284
U0099,207,2809.8,13.573913043478262,4.342027137444535,5.3,25.6,83,W02,8,12.46987951807229,33.853012048192774,116,91,0.5603864734299517
U0100,215,2766.2,12.866046511627905,4.151051065826289,5.1,24.1,89,W04,8,12.078651685393258,31.080898876404493,106,109,0.4930232558139535
U0101,210,2543.6,12.112380952380953,4.05807589257208,4.9,23.9,87,W06,8,12.068965517241379,29.2367816091954,105,105,0.5
U0102,142,1793.1,12.627464788732393,4.333870305511288,5.1,24.6,74,W01,8,9.594594594594595,24.23108108108108,87,55,0.6126760563380281
U0103,212,2715.9,12.810849056603773,4.189382340413647,5.1,23.5,88,W06,8,12.045454545454547,30.8625,100,112,0.4716981132075472
U0104,146,1963.5,13.448630136986301,3.80535441824606,6.4,24.0,80,W06,8,9.125,24.54375,80,66,0.547945205479452
U0105,221,3601.5,16.29638009049774,5.33209710751459,6.2,30.2,87,W04,8,12.701149425287356,41.39655172413793,85,136,0.38461538461538464
U0106,220,2621.2,11.914545454545454,4.050397947947489,5.0,23.2,88,W05,8,12.5,29.786363636363635,102,118,0.4636363636363636
U0107,128,1683.6,13.153125,4.0562178865671275,5.0,23.7,75,W06,8,8.533333333333333,22.448,77,51,0.6015625
U0108,73,915.7,12.543835616438356,4.381621538418862,5.3,23.0,52,W01,8,7.019230769230768,17.609615384615385,30,43,0.410958904109589
U0109,198,2447.1,12.35909090909091,3.790328753915625,5.5,23.8,86,W06,8,11.511627906976745,28.454651162790697,96,102,0.48484848484848486
U0110,209,2750.8,13.16172248803828,3.68256924572233,6.5,25.5,87,W01,8,12.011494252873563,31.618390804597702,106,103,0.507177033492823
U0111,209,2593.9,12.411004784688995,3.630244673489665,5.1,22.6,83,W01,8,12.590361445783131,31.251807228915663,102,107,0.4880382775119617
U0112,219,2841.0,12.972602739726028,4.222197575787196,5.0,24.0,89,W06,8,12.303370786516854,31.921348314606742,118,101,0.5388127853881278
U0113,178,2598.4,14.597752808988764,4.5912094224888325,5.8,27.0,81,W04,8,10.987654320987655,32.07901234567901,93,85,0.5224719101123596
U0114,82,1156.6,14.104878048780487,4.887320517092791,6.0,25.2,54,W01,8,7.5925925925925934,21.418518518518518,47,35,0.573170731707317
U0115,189,2247.6,11.892063492063492,3.2856863132591956,5.1,24.1,82,W02,8,11.524390243902438,27.409756097560976,105,84,0.5555555555555556
U0116,65,798.0,12.276923076923078,3.885581087123956,5.5,24.3,47,W06,8,6.914893617021277,16.97872340425532,26,39,0.4
U0117,62,762.4,12.296774193548387,3.5365523519862543,5.4,24.5,49,W06,8,6.326530612244898,15.559183673469388,36,26,0.5806451612903226
U0118,197,2606.1,13.228934010152283,4.315766701898398,5.3,25.3,89,W06,8,11.067415730337078,29.28202247191011,95,102,0.48223350253807107
U0119,59,672.8,11.403389830508473,3.2254893294471705,5.8,21.9,47,W02,8,6.276595744680851,14.314893617021276,47,12,0.7966101694915254
U0120,159,2075.1,13.050943396226414,4.680593762027436,5.0,24.7,80,W02,8,9.9375,25.93875,86,73,0.5408805031446541
U0121,89,1083.5,12.174157303370787,4.191401590537023,5.2,23.3,61,W01,8,7.295081967213115,17.762295081967213,40,49,0.449438202247191
U0122,42,526.9,12.545238095238094,4.07683535690293,5.0,23.9,36,W06,8,5.833333333333334,14.636111111111111,21,21,0.5
U0123,231,2789.8,12.077056277056277,3.7284968402995173,5.0,21.8,93,W02,8,12.419354838709678,29.997849462365593,122,109,0.5281385281385281
U0124,206,2459.5,11.939320388349515,3.457583750183573,5.4,23.5,86,W01,8,11.97674418604651,28.598837209302324,107,99,0.5194174757281553
U0125,197,2357.9,11.969035532994925,3.8123330453583093,4.8,23.8,84,W06,8,11.726190476190476,28.070238095238096,90,107,0.45685279187817257
U0126,146,1904.2,13.042465753424658,4.285369426258223,5.2,22.8,74,W01,8,9.864864864864865,25.732432432432432,68,78,0.4657534246575342
U0127,76,921.1,12.119736842105263,3.7230102421505498,5.1,21.5,57,W06,8,6.666666666666666,16.159649122807018,42,34,0.5526315789473685
U0128,90,1074.8,11.942222222222222,3.4963858636262954,5.4,21.1,59,W06,8,7.627118644067796,18.216949152542373,48,42,0.5333333333333333
U0129,210,2895.6,13.788571428571428,4.1726224192616845,5.1,25.6,84,W04,8,12.5,34.47142857142857,111,99,0.5285714285714286
U0130,152,1886.1,12.408552631578948,3.760388596217492,5.6,24.2,78,W02,8,9.743589743589743,24.18076923076923,65,87,0.4276315789473684
U0131,191,2471.2,12.938219895287958,3.829862574670957,5.5,24.2,84,W06,8,11.369047619047619,29.419047619047618,102,89,0.5340314136125655
U0132,222,3062.3,13.794144144144145,4.370656156350782,5.5,25.7,88,W01,8,12.613636363636365,34.79886363636364,118,104,0.5315315315315315
U0133,203,2503.8,12.333990147783252,3.8933145719731,5.2,22.6,84,W02,8,12.083333333333332,29.80714285714286,122,81,0.6009852216748769
U0134,245,3065.7,12.513061224489794,4.034288591927642,5.0,24.2,89,W06,8,13.764044943820224,34.44606741573033,107,138,0.43673469387755104
U0135,168,2627.8,15.641666666666667,5.137701630487332,6.0,27.9,80,W04,8,10.5,32.847500000000004,69,99,0.4107142857142857
U0136,198,2424.9,12.246969696969698,3.6052085711809587,5.1,23.2,87,W06,8,11.379310344827587,27.872413793103448,104,94,0.5252525252525253
U0137,158,1945.4,12.312658227848102,3.8393658940553,6.7,23.9,74,W02,8,10.675675675675675,26.28918918918919,70,88,0.4430379746835443
U0138,57,674.4,11.83157894736842,3.4511466983938233,5.4,20.9,43,W06,8,6.627906976744185,15.683720930232557,37,20,0.6491228070175439
U0139,222,2884.4,12.992792792792793,4.022993003722741,5.3,25.7,89,W01,8,12.47191011235955,32.40898876404494,111,111,0.5
U0140,156,2394.5,15.349358974358974,4.768816676038289,6.6,29.4,83,W06,8,9.397590361445783,28.849397590361445,83,73,0.532051282051282
U0141,170,2680.2,15.765882352941176,4.939612924518015,7.2,29.0,78,W04,8,10.897435897435896,34.36153846153846,92,78,0.5411764705882353
U0142,192,2655.1,13.828645833333333,4.573181810720984,5.7,25.9,81,W01,8,11.851851851851851,32.779012345679014,94,98,0.4895833333333333
U0143,123,1697.0,13.796747967479675,4.329747180733965,5.2,25.8,71,W06,8,8.661971830985916,23.901408450704224,75,48,0.6097560975609756
U0144,241,3357.8,13.932780082987552,4.27329451230956,5.9,25.0,93,W05,8,12.956989247311828,36.105376344086025,119,122,0.49377593360995853
U0145,202,2657.6,13.156435643564356,4.084003884629457,5.7,24.8,82,W01,8,12.317073170731707,32.40975609756097,112,90,0.5544554455445545
U0146,204,2503.9,12.274019607843139,3.568217879705786,5.0,23.9,83,W06,8,12.289156626506024,30.167469879518073,118,86,0.5784313725490197
U0147,119,1521.6,12.786554621848738,3.8423801850412915,5.2,23.8,68,W06,8,8.75,22.376470588235293,67,52,0.5630252100840336
U0148,166,2278.9,13.728313253012049,4.349348211504135,5.4,25.5,82,W06,8,10.121951219512194,27.791463414634148,68,98,0.40963855421686746
U0149,234,2996.8,12.806837606837608,3.854293108220133,5.4,23.9,91,W01,8,12.857142857142858,32.931868131868136,111,123,0.47435897435897434
U0150,181,2406.1,13.293370165745856,4.199121630504604,5.6,24.9,88,W05,8,10.284090909090908,27.342045454545453,98,83,0.5414364640883977
U0151,191,3054.1,15.990052356020941,5.032751209237998,6.5,29.1,85,W01,8,11.235294117647058,35.93058823529412,94,97,0.49214659685863876
U0152,214,2694.1,12.589252336448597,4.11239126053071,4.9,22.8,88,W01,8,12.159090909090908,30.614772727272726,95,119,0.4439252336448598
U0153,242,3109.3,12.848347107438018,4.356834826424182,4.9,23.2,88,W06,8,13.75,35.33295454545455,112,130,0.4628099173553719
U0154,199,2664.7,13.390452261306532,3.870904064850375,5.3,25.8,88,W06,8,11.306818181818182,30.280681818181815,108,91,0.542713567839196
U0155,208,3300.8,15.86923076923077,4.971378504634642,6.0,28.3,89,W04,8,11.685393258426966,37.087640449438204,91,117,0.4375
U0156,205,2586.0,12.614634146341464,3.9001986485111138,6.0,25.2,86,W06,8,11.91860465116279,30.069767441860463,109,96,0.5317073170731708
U0157,147,1853.9,12.61156462585034,3.755279698953226,6.3,22.8,77,W01,8,9.545454545454547,24.076623376623377,69,78,0.46938775510204084
U0158,42,519.7,12.373809523809525,3.624446771834055,5.3,21.2,38,W03,8,5.526315789473685,13.676315789473685,21,21,0.5
U0159,241,3131.2,12.99253112033195,4.025401924040524,5.5,25.0,92,W01,8,13.097826086956522,34.03478260869565,103,138,0.42738589211618255
U0160,69,866.7,12.560869565217391,3.7729383693109706,5.7,23.3,45,W06,8,7.666666666666667,19.26,26,43,0.37681159420289856
U0161,196,2497.4,12.741836734693878,3.6003254402584006,5.3,24.0,87,W06,8,11.264367816091953,28.705747126436783,100,96,0.5102040816326531
U0162,197,2605.0,13.223350253807107,3.8606152285643396,5.5,23.9,83,W06,8,11.867469879518072,31.3855421686747,112,85,0.5685279187817259
U0163,168,2202.7,13.111309523809522,4.668064846657912,5.2,26.0,80,W01,8,10.5,27.533749999999998,69,99,0.4107142857142857
U0164,132,1781.7,13.497727272727273,4.019921117092657,7.2,24.7,76,W01,8,8.68421052631579,23.443421052631578,61,71,0.4621212121212121
U0165,216,2573.8,11.915740740740741,3.771549851978676,5.1,23.9,90,W01,8,12.0,28.59777777777778,114,102,0.5277777777777778
U0166,53,610.6,11.520754716981132,3.5582708900729836,5.2,21.3,44,W05,8,6.022727272727273,13.877272727272727,35,18,0.660377358490566
U0167,186,2399.0,12.897849462365592,3.9538822111158156,5.5,23.7,82,W06,8,11.341463414634145,29.25609756097561,92,94,0.4946236559139785
U0168,209,2788.6,13.342583732057415,4.246520637298647,5.2,25.3,81,W01,8,12.901234567901234,34.42716049382716,107,102,0.5119617224880383
U0169,240,3164.4,13.185,4.128149108591102,5.1,25.4,82,W01,8,14.634146341463413,38.59024390243903,131,109,0.5458333333333333
U0170,149,1931.4,12.96241610738255,4.188457054973873,5.0,24.7,84,W04,8,8.869047619047619,22.992857142857144,93,56,0.6241610738255033
U0171,146,1849.8,12.66986301369863,4.083767190213462,4.9,24.2,74,W01,8,9.864864864864865,24.997297297297298,85,61,0.5821917808219178
U0172,166,2220.5,13.376506024096386,4.196057582218912,6.6,25.9,80,W01,8,10.375,27.75625,74,92,0.4457831325301205
U0173,157,2175.0,13.853503184713375,4.698029164835362,5.5,26.3,79,W02,8,9.936708860759493,27.531645569620252,74,83,0.4713375796178344
U0174,188,2605.2,13.857446808510637,4.201158214677129,6.0,25.6,86,W06,8,10.930232558139535,30.293023255813953,90,98,0.4787234042553192
U0175,155,2206.4,14.23483870967742,4.844753401956034,5.9,26.4,77,W01,8,10.064935064935066,28.654545454545456,63,92,0.4064516129032258
U0176,212,2587.5,12.205188679245284,4.230023748408361,4.8,23.6,86,W02,8,12.325581395348838,30.087209302325583,99,113,0.4669811320754717
U0177,153,1976.9,12.920915032679739,4.09225284748304,5.6,24.8,78,W06,8,9.807692307692307,25.344871794871796,103,50,0.673202614379085
U0178,196,2563.5,13.079081632653061,4.167323579822301,5.4,25.1,84,W06,8,11.666666666666668,30.517857142857142,91,105,0.4642857142857143
U0179,214,3088.2,14.430841121495327,4.350196395436011,5.6,26.0,85,W03,8,12.588235294117647,36.33176470588235,122,92,0.5700934579439252
U0180,232,2821.5,12.161637931034482,3.734215598587852,4.9,23.7,87,W06,8,13.333333333333332,32.43103448275862,105,127,0.4525862068965517
U0181,212,2756.1,13.000471698113207,3.749950996728917,5.2,24.1,89,W04,8,11.910112359550562,30.967415730337077,100,112,0.4716981132075472
U0182,244,2930.1,12.008606557377048,3.622081300502037,5.0,23.3,91,W01,8,13.406593406593405,32.198901098901096,127,117,0.5204918032786885
U0183,175,2669.3,15.253142857142858,4.633719349314348,6.3,28.6,82,W04,8,10.670731707317074,32.552439024390246,95,80,0.5428571428571428
U0184,67,753.1,11.240298507462686,3.1041057708808704,5.3,19.7,54,W01,8,6.203703703703703,13.946296296296296,32,35,0.47761194029850745
U0185,241,3105.1,12.884232365145229,3.9773421207863757,5.1,24.8,88,W06,8,13.693181818181818,35.28522727272727,130,111,0.5394190871369294
U0186,161,2179.7,13.538509316770185,3.8804004643818857,5.4,24.2,84,W01,8,9.583333333333334,25.948809523809523,74,87,0.45962732919254656
U0187,64,798.0,12.46875,3.126531370816294,4.9,21.1,52,W04,8,6.153846153846154,15.346153846153847,41,23,0.640625
U0188,127,1659.0,13.062992125984252,4.455098793724138,5.5,23.6,69,W06,8,9.202898550724637,24.043478260869566,68,59,0.5354330708661418
U0189,123,1639.3,13.327642276422765,4.6275777187548215,6.0,25.7,70,W06,8,8.785714285714285,23.41857142857143,73,50,0.5934959349593496
U0190,240,3194.5,13.310416666666667,4.037524801189853,5.5,25.5,90,W04,8,13.333333333333332,35.49444444444445,124,116,0.5166666666666667
U0191,184,2430.3,13.208152173913044,3.964044528747993,5.4,25.0,85,W06,8,10.823529411764705,28.591764705882355,90,94,0.4891304347826087
U0192,55,621.5,11.3,3.173968190463489,5.4,20.4,41,W06,8,6.707317073170732,15.158536585365853,25,30,0.45454545454545453
U0193,201,3097.8,15.411940298507464,4.846963659490126,5.8,27.1,91,W04,8,11.043956043956044,34.041758241758245,102,99,0.5074626865671642
U0194,159,2023.2,12.724528301886792,3.9338150545860184,5.7,24.0,76,W01,8,10.460526315789473,26.621052631578948,85,74,0.5345911949685535
U0195,172,2009.9,11.68546511627907,3.6449545860611945,5.1,23.1,81,W06,8,10.617283950617285,24.81358024691358,90,82,0.5232558139534884
U0196,243,3187.7,13.118106995884773,4.0881406436653895,5.4,25.6,88,W01,8,13.806818181818182,36.22386363636363,116,127,0.4773662551440329
U0197,62,719.3,11.601612903225806,3.43585205198208,4.9,20.5,44,W06,8,7.045454545454546,16.347727272727273,43,19,0.6935483870967742
U0198,73,946.1,12.96027397260274,4.2532582192305295,6.4,25.4,49,W01,8,7.448979591836736,19.308163265306124,29,44,0.3972602739726027
U0199,85,1090.5,12.829411764705883,3.7596486515621743,5.8,22.2,54,W06,8,7.870370370370371,20.194444444444443,44,41,0.5176470588235295
U0200,74,931.6,12.58918918918919,3.8758319501989367,5.5,23.0,55,W06,8,6.7272727272727275,16.938181818181818,35,39,0.47297297297297297
U0201,159,2177.8,13.69685534591195,3.945569882049059,5.7,26.6,83,W06,8,9.578313253012048,26.23855421686747,77,82,0.48427672955974843
U0202,234,2984.5,12.754273504273504,3.9904073423013338,4.8,22.9,87,W06,8,13.448275862068966,34.304597701149426,121,113,0.5170940170940171
U0203,223,2717.6,12.186547085201793,3.650101591363931,4.9,23.9,88,W06,8,12.670454545454547,30.88181818181818,111,112,0.4977578475336323
U0204,46,548.4,11.921739130434782,4.4481663160092415,5.2,21.8,39,W06,8,5.897435897435898,14.061538461538461,22,24,0.4782608695652174
U0205,117,1415.9,12.101709401709403,3.439802091991052,5.0,23.0,61,W06,8,9.59016393442623,23.211475409836066,61,56,0.5213675213675214
U0206,219,2803.9,12.803196347031964,4.0933643788862994,5.2,25.3,90,W06,8,12.166666666666666,31.154444444444444,117,102,0.5342465753424658
U0207,205,2644.1,12.898048780487805,4.0341794726086055,5.2,25.6,84,W01,8,12.202380952380953,31.47738095238095,88,117,0.4292682926829268
U0208,122,1484.6,12.168852459016392,3.083790786421056,5.1,19.8,68,W06,8,8.970588235294118,21.83235294117647,71,51,0.5819672131147541
U0209,235,2790.4,11.87404255319149,3.8163008779895597,5.3,23.9,91,W06,8,12.912087912087912,30.663736263736265,110,125,0.46808510638297873
U0210,212,2786.4,13.143396226415096,4.049457721999401,5.5,24.8,92,W06,8,11.521739130434783,30.286956521739132,115,97,0.5424528301886793
U0211,144,2034.3,14.127083333333333,4.170646991615489,5.6,24.4,77,W04,8,9.35064935064935,26.41948051948052,67,77,0.4652777777777778
U0212,115,1499.3,13.037391304347826,3.559185321468285,5.0,24.1,69,W01,8,8.333333333333334,21.728985507246374,56,59,0.48695652173913045
U0213,169,2351.2,13.912426035502957,4.1325392180645935,5.3,25.9,79,W06,8,10.696202531645568,29.762025316455695,74,95,0.4378698224852071
U0214,199,2491.7,12.52110552763819,3.5394824685783273,5.2,22.3,86,W01,8,11.569767441860465,28.973255813953486,105,94,0.5276381909547738
U0215,94,1167.3,12.418085106382978,3.721543290867015,5.1,23.4,64,W06,8,7.34375,18.2390625,51,43,0.5425531914893617
U0216,178,2219.0,12.46629213483146,3.9064178345839893,4.9,23.1,83,W01,8,10.72289156626506,26.734939759036145,82,96,0.4606741573033708
U0217,197,2658.4,13.494416243654824,4.346875407168818,5.5,25.5,86,W06,8,11.453488372093023,30.911627906976744,84,113,0.4263959390862944
U0218,61,768.0,12.59016393442623,4.486115800185902,6.0,23.0,52,W05,8,5.865384615384616,14.76923076923077,40,21,0.6557377049180327
U0219,163,2134.3,13.093865030674849,4.077969920564503,5.6,26.9,80,W06,8,10.1875,26.67875,91,72,0.558282208588957
U0220,78,1072.5,13.75,4.248628502922344,5.5,22.7,55,W04,8,7.090909090909091,19.5,55,23,0.7051282051282052
U0221,160,2016.1,12.600624999999999,3.694794857753338,5.0,22.3,78,W01,8,10.256410256410255,25.847435897435897,69,91,0.43125
U0222,146,2043.4,13.995890410958905,4.765984020583696,5.8,26.6,77,W01,8,9.48051948051948,26.53766233766234,89,57,0.6095890410958904
U0223,192,2341.8,12.196875,4.187464542320773,5.2,24.3,84,W05,8,11.428571428571427,27.87857142857143,86,106,0.4479166666666667
U0224,214,2704.0,12.63551401869159,3.5980498718172664,5.7,24.3,92,W06,8,11.630434782608695,29.391304347826086,111,103,0.5186915887850467
U0225,243,3192.5,13.137860082304528,4.292214596875533,5.2,26.1,90,W04,8,13.5,35.47222222222222,129,114,0.5308641975308642
U0226,207,2648.5,12.794685990338165,4.120151846215225,5.2,25.7,87,W01,8,11.896551724137932,30.442528735632184,123,84,0.5942028985507246
U0227,183,2802.7,15.315300546448086,4.919649522086359,6.3,28.3,83,W04,8,11.024096385542169,33.76746987951807,78,105,0.4262295081967213
U0228,218,2943.5,13.502293577981652,4.409953578870493,5.7,24.4,88,W02,8,12.386363636363635,33.44886363636363,114,104,0.5229357798165137
U0229,85,1058.3,12.450588235294116,3.4376979953164586,5.8,24.8,58,W01,8,7.327586206896552,18.24655172413793,44,41,0.5176470588235295
U0230,106,1294.0,12.20754716981132,3.47696359358092,5.2,23.1,68,W06,8,7.794117647058823,19.029411764705884,76,30,0.7169811320754716
U0231,71,907.2,12.777464788732395,3.3672878948197456,6.5,19.4,47,W05,8,7.553191489361702,19.30212765957447,42,29,0.5915492957746479
U0232,165,2198.3,13.323030303030304,4.102923173317934,5.2,25.0,77,W02,8,10.714285714285714,28.54935064935065,87,78,0.5272727272727272
U0233,166,2193.5,13.213855421686747,4.318247492823154,5.5,25.4,84,W06,8,9.880952380952381,26.113095238095237,88,78,0.5301204819277109
U0234,190,2608.8,13.730526315789474,3.979738995568528,6.0,25.2,82,W06,8,11.585365853658535,31.814634146341465,100,90,0.5263157894736842
U0235,221,2741.6,12.405429864253394,3.5659204371910493,5.7,22.2,85,W02,8,13.0,32.25411764705882,108,113,0.48868778280542985
U0236,91,1031.2,11.331868131868132,3.4211070047534524,5.4,22.4,59,W06,8,7.711864406779662,17.477966101694918,46,45,0.5054945054945055
U0237,213,2647.6,12.430046948356807,3.9740002299917063,5.2,23.5,85,W06,8,12.529411764705882,31.148235294117647,107,106,0.5023474178403756
U0238,207,2585.3,12.48937198067633,3.935090220130959,5.4,23.7,88,W06,8,11.761363636363635,29.37840909090909,94,113,0.45410628019323673
U0239,140,1837.9,13.127857142857144,3.992710405516873,5.6,25.4,71,W02,8,9.859154929577464,25.885915492957746,83,57,0.5928571428571429
U0240,229,3158.1,13.790829694323143,4.11808737241376,5.3,25.9,89,W04,8,12.865168539325841,35.48426966292135,120,109,0.5240174672489083
U0241,183,2912.1,15.91311475409836,4.922837855616739,5.9,28.6,83,W04,8,11.024096385542169,35.0855421686747,89,94,0.48633879781420764
U0242,167,2626.1,15.725149700598802,5.022332278294549,6.5,29.2,77,W04,8,10.844155844155845,34.105194805194806,79,88,0.47305389221556887
U0243,193,2964.5,15.360103626943005,4.758666872756717,6.0,28.7,88,W04,8,10.965909090909092,33.6875,96,97,0.49740932642487046
U0244,224,2879.4,12.854464285714286,4.297040140819369,5.6,25.6,85,W06,8,13.176470588235293,33.87529411764706,113,111,0.5044642857142857
U0245,211,2717.5,12.87914691943128,4.046049364412682,5.3,24.2,87,W02,8,12.126436781609195,31.235632183908045,115,96,0.5450236966824644
U0246,141,2187.1,15.511347517730496,4.047275842175143,6.0,27.1,75,W01,8,9.399999999999999,29.16133333333333,66,75,0.46808510638297873
U0247,175,2207.6,12.614857142857142,3.7192890893353887,5.2,24.8,83,W01,8,10.542168674698795,26.597590361445782,98,77,0.56
U0248,188,3051.5,16.231382978723403,4.892395518150479,6.2,29.7,84,W01,8,11.19047619047619,36.32738095238095,76,112,0.40425531914893614
U0249,186,2846.4,15.303225806451614,4.932176792888046,6.1,28.1,82,W01,8,11.341463414634145,34.71219512195122,93,93,0.5
U0250,89,1058.2,11.88988764044944,3.410879816644894,5.5,23.5,60,W06,8,7.416666666666667,17.636666666666667,43,46,0.48314606741573035
U0251,200,2463.6,12.318,3.669509846364064,5.4,23.8,89,W06,8,11.235955056179776,27.680898876404495,104,96,0.52
U0252,231,2965.8,12.83896103896104,3.8128782638575243,5.1,23.9,84,W06,8,13.75,35.30714285714286,130,101,0.5627705627705628
U0253,74,954.9,12.904054054054054,4.636054037447582,5.2,24.0,52,W02,8,7.115384615384616,18.36346153846154,43,31,0.581081081081081
U0254,201,2731.5,13.58955223880597,4.125995673592916,4.9,24.3,83,W04,8,12.108433734939759,32.90963855421687,95,106,0.472636815920398
U0255,230,2989.4,12.997391304347827,4.059415942449173,5.3,25.2,88,W02,8,13.068181818181818,33.970454545454544,124,106,0.5391304347826087
U0256,195,2386.2,12.236923076923077,3.976564176357715,5.2,25.0,90,W06,8,10.833333333333332,26.513333333333332,108,87,0.5538461538461539
U0257,179,2856.2,15.956424581005585,4.9203430681819205,6.2,29.6,79,W06,8,11.329113924050633,36.154430379746834,88,91,0.49162011173184356
U0258,173,2368.6,13.691329479768786,4.717839100726815,5.4,26.1,82,W06,8,10.548780487804878,28.885365853658534,81,92,0.4682080924855491
U0259,131,1694.3,12.933587786259542,4.512386554074036,5.3,24.8,71,W02,8,9.225352112676056,23.86338028169014,74,57,0.5648854961832062
U0260,204,2649.9,12.989705882352942,3.7925181610295087,5.9,24.8,81,W02,8,12.592592592592593,32.714814814814815,103,101,0.5049019607843137
U0261,176,2290.0,13.011363636363637,3.806128346103556,6.0,24.0,85,W02,8,10.352941176470589,26.941176470588236,82,94,0.4659090909090909
U0262,197,2909.6,14.769543147208122,3.9455201015649766,5.9,27.1,86,W01,8,11.453488372093023,33.83255813953488,120,77,0.6091370558375635
U0263,202,2509.4,12.422772277227724,3.924622647211922,4.8,23.9,84,W01,8,12.023809523809524,29.873809523809523,102,100,0.504950495049505
U0264,135,1705.6,12.634074074074073,3.767143162452468,5.1,25.2,71,W01,8,9.507042253521126,24.022535211267606,83,52,0.6148148148148148
U0265,90,1141.5,12.683333333333334,4.209493017059672,4.9,23.8,64,W06,8,7.03125,17.8359375,60,30,0.6666666666666666
U0266,41,459.8,11.214634146341464,3.6237108725455567,5.0,23.8,31,W04,8,6.612903225806451,14.832258064516129,23,18,0.5609756097560976
U0267,169,2204.2,13.042603550295857,4.6588198832952665,5.2,25.0,78,W02,8,10.833333333333332,28.258974358974356,97,72,0.5739644970414202
U0268,76,986.1,12.975,3.882889817305319,5.7,25.6,58,W01,8,6.551724137931034,17.001724137931035,36,40,0.47368421052631576
U0269,242,2932.2,12.116528925619834,3.7788524264630348,5.6,23.2,89,W04,8,13.595505617977528,32.94606741573033,129,113,0.5330578512396694
U0270,238,3137.2,13.181512605042016,3.961384627438633,5.1,24.5,90,W01,8,13.222222222222221,34.85777777777778,132,106,0.5546218487394958
U0271,56,699.2,12.485714285714286,3.890614747939343,5.7,23.3,45,W06,8,6.222222222222222,15.537777777777778,18,38,0.32142857142857145
U0272,83,957.8,11.539759036144577,3.6366340561433312,4.9,23.6,59,W01,8,7.033898305084746,16.233898305084747,40,43,0.4819277108433735
U0273,77,995.8,12.932467532467532,4.271769064033307,6.0,23.1,58,W06,8,6.637931034482759,17.16896551724138,40,37,0.5194805194805194
U0274,167,2607.5,15.613772455089821,5.016994206053466,6.4,27.4,82,W06,8,10.182926829268293,31.798780487804876,73,94,0.437125748502994
U0275,167,2252.1,13.485628742514969,4.115695427177449,5.5,25.5,84,W06,8,9.94047619047619,26.810714285714283,89,78,0.5329341317365269
U0276,149,1963.4,13.177181208053693,3.8592486456347515,5.7,25.0,80,W04,8,9.3125,24.5425,68,81,0.4563758389261745
U0277,69,917.5,13.297101449275363,4.137702225891193,7.1,23.5,50,W04,7,6.8999999999999995,18.35,48,21,0.6956521739130435
U0278,193,2489.6,12.899481865284974,3.7802873762195444,4.9,24.3,88,W01,8,10.965909090909092,28.29090909090909,86,107,0.44559585492227977
U0279,86,1091.8,12.695348837209302,3.868573440574223,6.6,25.1,55,W01,8,7.818181818181818,19.85090909090909,40,46,0.46511627906976744
U0280,48,578.0,12.041666666666666,3.4938141891996035,6.3,20.6,37,W01,8,6.486486486486487,15.621621621621621,37,11,0.7708333333333334
U0281,82,1026.0,12.512195121951219,4.121530048024159,5.6,21.6,54,W01,8,7.5925925925925934,19.0,39,43,0.47560975609756095
U0282,218,2854.0,13.091743119266056,4.104243694320768,5.2,23.7,90,W01,8,12.11111111111111,31.711111111111112,104,114,0.47706422018348627
U0283,206,2610.2,12.670873786407766,3.824456118015549,5.1,24.5,85,W04,8,12.117647058823529,30.708235294117646,89,117,0.4320388349514563
U0284,241,2962.8,12.29377593360996,4.098933125369542,5.0,23.7,89,W04,8,13.53932584269663,33.28988764044944,102,139,0.42323651452282157
U0285,181,2326.8,12.85524861878453,4.039215761211955,5.1,23.8,80,W01,8,11.3125,29.085,90,91,0.4972375690607735
U0286,203,2530.4,12.465024630541873,3.6480441490272177,6.1,22.4,86,W02,8,11.80232558139535,29.42325581395349,96,107,0.4729064039408867
U0287,141,1751.7,12.423404255319149,3.694293636288894,5.4,22.0,70,W06,8,10.071428571428571,25.024285714285714,73,68,0.5177304964539007
U0288,152,1947.5,12.8125,3.9151482426070925,5.0,24.0,77,W04,8,9.87012987012987,25.292207792207794,73,79,0.48026315789473684
U0289,211,2723.7,12.908530805687203,4.1152472844461885,5.3,25.6,88,W02,8,11.988636363636365,30.951136363636362,97,114,0.4597156398104265
U0290,161,1991.9,12.372049689440994,3.7854691119484167,5.0,23.5,79,W01,8,10.18987341772152,25.21392405063291,77,84,0.4782608695652174
U0291,227,2960.8,13.043171806167402,4.148204066192599,4.9,23.9,91,W06,8,12.472527472527473,32.53626373626374,116,111,0.5110132158590308
U0292,199,2568.2,12.905527638190954,3.972801418279142,5.7,25.0,85,W01,8,11.705882352941178,30.21411764705882,109,90,0.5477386934673367
U0293,52,646.1,12.425,4.119150635845249,6.2,23.6,37,W05,8,7.027027027027027,17.462162162162162,18,34,0.34615384615384615
U0294,213,2766.9,12.990140845070423,4.389035059515246,5.4,25.2,86,W01,8,12.383720930232558,32.17325581395349,98,115,0.460093896713615
U0295,231,3081.1,13.338095238095237,4.1318722790062985,5.5,25.8,89,W01,8,12.97752808988764,34.619101123595506,122,109,0.5281385281385281
U0296,157,2046.4,13.0343949044586,3.587598178336677,6.2,24.2,77,W01,8,10.194805194805195,26.576623376623377,73,84,0.46496815286624205
U0297,40,553.0,13.825,3.7369087732358652,7.2,23.9,32,W06,7,6.25,17.28125,23,17,0.575
U0298,214,2733.9,12.775233644859814,4.318101836024778,5.3,24.1,86,W06,8,12.441860465116278,31.789534883720933,104,110,0.48598130841121495
U0299,122,1684.5,13.807377049180328,4.376197225237872,6.6,24.8,67,W05,8,9.104477611940299,25.14179104477612,64,58,0.5245901639344263
U0300,209,2577.9,12.334449760765551,3.6163969277514902,5.0,23.4,87,W01,8,12.011494252873563,29.631034482758622,111,98,0.5311004784688995
U0301,201,2509.1,12.483084577114427,3.839194243303006,5.3,23.8,85,W04,8,11.823529411764707,29.518823529411765,102,99,0.5074626865671642
U0302,179,2290.1,12.793854748603351,4.139941947310144,5.4,25.7,87,W06,8,10.28735632183908,26.322988505747126,96,83,0.5363128491620112
U0303,168,2105.6,12.533333333333333,4.014459891884946,5.6,24.7,80,W02,8,10.5,26.32,97,71,0.5773809523809523
U0304,176,2351.7,13.361931818181818,3.99117236137226,5.3,23.8,78,W01,8,11.282051282051281,30.15,77,99,0.4375
U0305,75,982.9,13.105333333333332,4.228695196282543,5.8,23.0,53,W02,8,7.075471698113207,18.545283018867924,39,36,0.52
U0306,195,2911.3,14.929743589743591,4.385817987382851,6.5,28.4,81,W04,8,12.037037037037038,35.94197530864198,107,88,0.5487179487179488
U0307,187,2558.1,13.679679144385027,4.282223056439299,5.8,25.9,87,W06,8,10.74712643678161,29.40344827586207,97,90,0.5187165775401069
U0308,181,2244.2,12.398895027624308,3.9263212772585123,4.9,23.5,86,W06,8,10.52325581395349,26.0953488372093,102,79,0.56353591160221
U0309,62,782.9,12.62741935483871,3.2732982992212656,7.1,21.2,48,W04,8,6.458333333333334,16.310416666666665,36,26,0.5806451612903226
U0310,200,2431.2,12.155999999999999,3.8572992869292273,5.2,23.3,80,W01,8,12.5,30.389999999999997,108,92,0.54
U0311,118,1549.6,13.132203389830508,4.179598012730722,7.2,25.5,69,W05,8,8.55072463768116,22.457971014492752,58,60,0.4915254237288136
U0312,200,2506.4,12.532,3.81286845159202,5.0,23.8,84,W01,8,11.904761904761905,29.83809523809524,87,113,0.435
U0313,232,3105.9,13.387500000000001,4.268131047741229,6.0,25.1,90,W01,8,12.88888888888889,34.51,106,126,0.45689655172413796
U0314,177,2835.0,16.016949152542374,5.085959478924647,6.1,29.5,84,W06,8,10.535714285714286,33.75,95,82,0.536723163841808
U0315,94,1173.0,12.47872340425532,4.303758605884618,5.9,24.2,57,W01,8,8.24561403508772,20.57894736842105,40,54,0.425531914893617
U0316,161,2159.0,13.409937888198758,4.265079204553888,5.9,25.7,79,W01,8,10.18987341772152,27.329113924050635,77,84,0.4782608695652174
U0317,149,1922.6,12.903355704697987,4.01667833904783,5.3,25.2,79,W06,8,9.430379746835444,24.336708860759494,76,73,0.5100671140939598
U0318,187,2241.6,11.987165775401069,3.89858617732739,4.9,24.2,83,W06,8,11.265060240963855,27.00722891566265,96,91,0.5133689839572193
U0319,214,2900.7,13.55467289719626,4.244018340740173,6.1,25.8,89,W01,8,12.02247191011236,32.59213483146067,110,104,0.514018691588785
U0320,231,2956.7,12.7995670995671,3.929647598266927,5.1,24.5,91,W06,8,12.692307692307692,32.49120879120879,119,112,0.5151515151515151
U0321,185,2420.4,13.083243243243244,3.995702891622433,5.3,23.5,81,W06,8,11.419753086419753,29.881481481481483,92,93,0.4972972972972973
U0322,49,605.5,12.357142857142858,3.5332940249385785,7.1,23.6,36,W06,8,6.805555555555555,16.819444444444443,20,29,0.40816326530612246
U0323,169,2285.7,13.524852071005917,4.201966391508588,5.8,26.0,83,W01,8,10.180722891566266,27.538554216867468,91,78,0.5384615384615384
U0324,243,3103.2,12.770370370370369,4.017897288705814,4.9,24.1,92,W01,8,13.206521739130434,33.7304347826087,125,118,0.51440329218107
U0325,199,2896.0,14.552763819095478,4.649772439256157,6.2,27.6,86,W04,8,11.569767441860465,33.674418604651166,89,110,0.4472361809045226
U0326,70,916.0,13.085714285714285,3.318603063639257,5.9,21.6,47,W04,8,7.446808510638298,19.48936170212766,40,30,0.5714285714285714
U0327,143,1910.8,13.362237762237761,4.5700772668261465,5.2,25.6,73,W01,8,9.794520547945206,26.175342465753424,72,71,0.5034965034965035
U0328,134,1719.6,12.832835820895522,3.865030733945892,6.2,23.5,79,W04,8,8.481012658227847,21.767088607594935,66,68,0.4925373134328358
U0329,161,2051.6,12.742857142857142,4.20059094482125,5.3,24.1,78,W01,8,10.320512820512821,26.3025641025641,69,92,0.42857142857142855
U0330,213,2655.8,12.468544600938968,4.107344577168529,5.4,25.2,89,W06,8,11.966292134831459,29.84044943820225,107,106,0.5023474178403756
U0331,233,3139.3,13.473390557939915,4.34217241705039,5.2,25.7,87,W04,8,13.390804597701148,36.08390804597701,111,122,0.47639484978540775
U0332,90,1205.0,13.38888888888889,3.9254984495479364,7.5,24.7,60,W02,8,7.5,20.083333333333332,48,42,0.5333333333333333
U0333,185,2266.3,12.25027027027027,3.4459195201862256,5.4,22.3,81,W06,8,11.419753086419753,27.979012345679013,90,95,0.4864864864864865
U0334,243,3003.5,12.360082304526749,3.8574082413332165,5.2,22.9,93,W06,8,13.064516129032258,32.295698924731184,122,121,0.5020576131687243
U0335,192,2424.8,12.629166666666668,3.5731376115292495,5.0,23.5,87,W04,8,11.03448275862069,27.871264367816092,91,101,0.4739583333333333
U0336,201,2735.5,13.609452736318408,4.407171451056219,5.3,25.6,84,W01,8,11.964285714285714,32.56547619047619,105,96,0.5223880597014925
U0337,71,850.8,11.983098591549295,3.5985705858812076,4.9,22.8,53,W02,8,6.69811320754717,16.052830188679245,39,32,0.5492957746478874
U0338,51,698.5,13.696078431372548,4.61146227499754,5.5,25.1,42,W04,8,6.071428571428571,16.63095238095238,33,18,0.6470588235294118
U0339,184,2405.1,13.071195652173913,4.234878168037786,5.0,24.5,82,W06,8,11.219512195121952,29.330487804878047,81,103,0.44021739130434784
U0340,266,3454.4,12.986466165413534,3.876085984498829,5.5,25.3,92,W06,8,14.456521739130434,37.547826086956526,141,125,0.5300751879699248
U0341,163,2317.6,14.21840490797546,4.351461217100111,6.4,26.0,80,W04,8,10.1875,28.97,70,93,0.4294478527607362
U0342,95,1213.8,12.776842105263157,4.105793846882951,5.3,24.9,61,W02,8,7.786885245901639,19.898360655737704,53,42,0.5578947368421052
U0343,201,2477.5,12.32587064676617,3.8496528886620527,5.0,24.4,86,W06,8,11.686046511627907,28.808139534883722,113,88,0.5621890547263682
U0344,153,2137.0,13.967320261437909,4.380651688861629,5.4,25.4,73,W01,8,10.479452054794521,29.273972602739725,74,79,0.48366013071895425
U0345,223,2979.9,13.362780269058296,3.9777314125314662,5.4,25.8,88,W06,8,12.670454545454547,33.862500000000004,107,116,0.4798206278026906
U0346,117,1635.6,13.97948717948718,4.251866496053851,5.8,26.2,72,W03,8,8.125,22.716666666666665,58,59,0.49572649572649574
U0347,163,2145.9,13.165030674846626,4.206557692759013,6.0,25.6,78,W06,8,10.448717948717949,27.511538461538464,77,86,0.4723926380368098
U0348,223,2675.4,11.99730941704036,3.873482490218334,5.0,23.5,91,W05,8,12.252747252747254,29.400000000000002,115,108,0.515695067264574
U0349,210,2560.0,12.19047619047619,3.819843024143199,5.3,24.2,86,W01,8,12.209302325581394,29.767441860465116,99,111,0.4714285714285714
U0350,164,2062.4,12.575609756097561,4.185442518273218,5.4,24.7,76,W06,8,10.789473684210527,27.13684210526316,82,82,0.5
U0351,121,1518.7,12.551239669421488,3.3637557308877066,5.4,22.8,67,W01,8,9.029850746268657,22.66716417910448,53,68,0.4380165289256198
U0352,77,958.0,12.441558441558442,4.186109569609529,5.4,23.8,55,W06,8,7.0,17.418181818181818,45,32,0.5844155844155844
U0353,138,1929.3,13.980434782608695,4.63823932577448,5.5,25.3,75,W04,8,9.200000000000001,25.724,87,51,0.6304347826086957
U0354,243,2933.2,12.070781893004115,3.8257622540003187,5.6,23.3,92,W06,8,13.206521739130434,31.882608695652173,112,131,0.4609053497942387
U0355,210,2689.9,12.80904761904762,3.5569278782027514,5.4,23.4,86,W06,8,12.209302325581394,31.277906976744188,96,114,0.45714285714285713
U0356,140,1799.8,12.855714285714285,3.995199843347471,5.4,22.1,74,W02,8,9.45945945945946,24.32162162162162,63,77,0.45
U0357,175,2408.8,13.76457142857143,4.703263933229322,5.2,25.2,79,W01,8,11.075949367088606,30.49113924050633,96,79,0.5485714285714286
U0358,187,2433.7,13.014438502673796,4.266102333337725,5.7,25.0,83,W04,8,11.265060240963855,29.32168674698795,97,90,0.5187165775401069
U0359,169,2456.7,14.536686390532543,4.4791797083168055,6.0,27.9,80,W06,8,10.5625,30.70875,87,82,0.514792899408284
U0360,149,1989.1,13.3496644295302,4.302177703761167,5.1,25.0,80,W06,8,9.3125,24.86375,82,67,0.5503355704697986
U0361,231,2810.8,12.167965367965369,3.491631575591127,4.9,23.3,92,W01,8,12.554347826086955,30.55217391304348,129,102,0.5584415584415584
U0362,154,2075.3,13.475974025974027,4.23168958661796,5.9,24.8,78,W06,8,9.871794871794872,26.60641025641026,91,63,0.5909090909090909
U0363,124,1663.8,13.417741935483871,4.430347091086138,5.9,23.9,69,W04,8,8.985507246376812,24.11304347826087,61,63,0.49193548387096775
U0364,110,1483.0,13.481818181818182,4.555290941637992,6.2,25.0,65,W08,8,8.461538461538462,22.815384615384616,48,62,0.43636363636363634
U0365,162,2707.9,16.715432098765433,5.4560305798178375,6.5,30.9,81,W08,8,10.0,33.430864197530866,87,75,0.5370370370370371
U0366,206,2609.9,12.669417475728157,3.6829980696385665,5.2,24.4,81,W06,8,12.71604938271605,32.220987654320986,106,100,0.5145631067961165
U0367,210,3201.8,15.246666666666668,4.797359055511271,5.9,28.5,87,W04,8,12.068965517241379,36.802298850574715,111,99,0.5285714285714286
U0368,174,2952.9,16.970689655172414,5.331388413143418,7.0,30.5,80,W04,8,10.875,36.91125,83,91,0.47701149425287354
U0369,225,2937.4,13.055111111111112,4.170205021415006,5.2,25.3,85,W01,8,13.235294117647058,34.557647058823534,101,124,0.4488888888888889
U0370,233,2857.8,12.265236051502146,4.087896565186087,4.9,24.0,89,W05,8,13.089887640449438,32.11011235955056,110,123,0.4721030042918455
U0371,224,2870.2,12.813392857142857,3.59613633065382,6.0,24.8,90,W06,8,12.444444444444445,31.89111111111111,115,109,0.5133928571428571
U0372,236,2993.7,12.685169491525423,4.180623028607171,4.9,24.3,92,W04,8,12.826086956521738,32.540217391304346,138,98,0.5847457627118644
U0373,208,2399.3,11.535096153846155,3.5313186750720584,5.0,23.8,88,W06,8,11.818181818181818,27.264772727272728,96,112,0.46153846153846156
U0374,158,1896.7,12.004430379746836,3.749621550953766,5.2,25.3,80,W01,8,9.875,23.708750000000002,80,78,0.5063291139240507
U0375,230,3044.2,13.235652173913042,4.069466480151158,5.5,25.1,90,W04,8,12.777777777777777,33.824444444444445,112,118,0.48695652173913045
U0376,232,3065.2,13.21206896551724,3.904169270432938,5.5,25.7,89,W04,8,13.033707865168541,34.44044943820224,115,117,0.4956896551724138
U0377,42,500.7,11.92142857142857,4.082475081057623,5.0,22.3,32,W06,8,6.5625,15.646875,26,16,0.6190476190476191
U0378,201,2606.7,12.96865671641791,3.766717760407217,5.4,24.0,85,W06,8,11.823529411764707,30.66705882352941,109,92,0.5422885572139303
U0379,70,877.8,12.54,3.5351403637344223,6.4,22.0,55,W04,8,6.363636363636363,15.959999999999999,40,30,0.5714285714285714
U0380,218,2832.8,12.994495412844037,4.484121188346284,5.1,25.3,88,W06,8,12.386363636363635,32.190909090909095,111,107,0.5091743119266054
U0381,233,3032.3,13.014163090128756,4.092530655101086,5.7,26.1,89,W01,8,13.089887640449438,34.070786516853936,116,117,0.4978540772532189
U0382,130,1755.3,13.502307692307692,4.343175442904344,5.5,25.2,77,W02,8,8.441558441558442,22.796103896103894,54,76,0.4153846153846154
U0383,161,2167.1,13.460248447204968,4.229365784356821,5.8,25.2,79,W01,8,10.18987341772152,27.43164556962025,82,79,0.5093167701863354
U0384,93,1149.3,12.358064516129032,3.9948968148138473,4.9,22.9,66,W04,8,7.045454545454546,17.413636363636364,46,47,0.4946236559139785
U0385,82,1025.1,12.50121951219512,3.903543622840283,5.0,21.5,57,W04,8,7.192982456140351,17.98421052631579,30,52,0.36585365853658536
U0386,62,684.7,11.043548387096775,3.3257870247034576,5.0,22.3,43,W02,8,7.209302325581395,15.923255813953489,29,33,0.46774193548387094
U0387,193,2440.0,12.642487046632125,4.103105788998959,5.3,25.1,85,W06,8,11.352941176470587,28.705882352941178,72,121,0.37305699481865284
U0388,241,3029.2,12.569294605809128,3.8703643132155454,5.0,24.1,90,W06,8,13.388888888888888,33.657777777777774,117,124,0.4854771784232365
U0389,63,802.7,12.741269841269842,3.624452569149065,7.1,22.9,46,W06,8,6.847826086956522,17.45,29,34,0.4603174603174603
U0390,63,807.2,12.812698412698413,4.333570831256087,5.8,22.7,47,W05,8,6.702127659574469,17.174468085106383,34,29,0.5396825396825397
U0391,169,2778.2,16.43905325443787,4.933873592031628,6.4,30.4,85,W04,8,9.941176470588236,32.68470588235294,84,85,0.4970414201183432
U0392,161,2171.8,13.48944099378882,4.056100382209371,6.3,24.9,80,W01,8,10.0625,27.1475,85,76,0.5279503105590062
U0393,234,2920.7,12.48162393162393,3.891021348815186,6.0,24.2,88,W01,8,13.295454545454547,33.189772727272725,101,133,0.43162393162393164
U0394,57,726.1,12.738596491228071,3.7857229157701795,5.8,21.2,44,W02,8,6.477272727272727,16.50227272727273,34,23,0.5964912280701754
U0395,219,2859.3,13.056164383561645,4.432521171540733,5.4,25.3,89,W04,8,12.303370786516854,32.12696629213483,107,112,0.4885844748858447
U0396,194,3274.1,16.876804123711338,5.501853488234057,7.7,30.8,85,W04,8,11.411764705882351,38.51882352941176,90,104,0.4639175257731959
U0397,83,1046.4,12.607228915662652,3.8476721861193703,5.2,22.6,54,W01,8,7.685185185185185,19.37777777777778,33,50,0.39759036144578314
U0398,124,1541.9,12.43467741935484,3.907904109524959,5.3,23.8,69,W02,8,8.985507246376812,22.346376811594205,61,63,0.49193548387096775
U0399,58,685.4,11.817241379310344,3.331568195680263,6.2,22.3,41,W01,8,7.073170731707316,16.717073170731705,23,35,0.39655172413793105
U0400,76,965.0,12.697368421052632,4.643159087925965,5.2,24.3,57,W01,8,6.666666666666666,16.92982456140351,24,52,0.3157894736842105
U0401,206,2763.5,13.41504854368932,4.29384320973963,5.2,25.2,83,W05,8,12.409638554216869,33.295180722891565,113,93,0.5485436893203883
U0402,186,2929.9,15.752150537634408,4.980493918730675,6.6,28.4,84,W04,8,11.071428571428573,34.87976190476191,92,94,0.4946236559139785
U0403,157,2070.9,13.190445859872613,4.235076111680822,5.4,25.7,80,W05,8,9.8125,25.88625,70,87,0.445859872611465
U0404,62,801.8,12.932258064516128,3.8999694909924107,5.8,21.2,40,W06,8,7.75,20.044999999999998,40,22,0.6451612903225806
U0405,188,2460.2,13.086170212765957,3.9229231997027085,5.6,23.0,86,W06,8,10.930232558139535,28.606976744186046,95,93,0.5053191489361702
U0406,82,1123.6,13.702439024390243,4.097544450146628,5.2,22.5,61,W06,8,6.721311475409836,18.41967213114754,63,19,0.7682926829268293
U0407,248,3344.9,13.4875,4.094368231433869,5.4,26.0,91,W06,8,13.626373626373628,36.75714285714286,119,129,0.4798387096774194
U0408,212,2864.9,13.513679245283019,4.010785417987439,5.5,25.0,90,W01,8,11.777777777777779,31.832222222222224,100,112,0.4716981132075472
U0409,169,2787.9,16.496449704142012,5.35669244842735,6.1,29.4,81,W04,8,10.432098765432098,34.41851851851852,87,82,0.514792899408284
U0410,196,2452.6,12.513265306122449,3.9334238430725597,5.2,24.2,84,W06,8,11.666666666666668,29.197619047619046,95,101,0.4846938775510204
U0411,210,2783.4,13.254285714285714,4.252419037344853,5.6,25.7,86,W01,8,12.209302325581394,32.36511627906977,103,107,0.49047619047619045
U0412,192,3162.0,16.46875,5.669682623138655,6.5,30.7,83,W04,8,11.566265060240964,38.096385542168676,102,90,0.53125
U0413,170,2511.1,14.771176470588236,4.2781602836337065,6.0,27.2,83,W04,8,10.240963855421688,30.25421686746988,79,91,0.4647058823529412
U0414,138,1799.0,13.03623188405797,3.8807204920063723,5.5,26.2,76,W01,8,9.078947368421053,23.67105263157895,74,64,0.5362318840579711
U0415,170,2109.1,12.406470588235294,3.8297673097799088,5.4,24.5,84,W05,8,10.119047619047619,25.10833333333333,80,90,0.47058823529411764
U0416,131,1748.2,13.345038167938931,4.381099506191041,5.5,26.9,72,W01,8,9.097222222222221,24.280555555555555,72,59,0.549618320610687
U0417,172,2158.4,12.548837209302325,3.932760713181692,5.0,24.5,78,W01,8,11.025641025641026,27.671794871794873,74,98,0.43023255813953487
U0418,203,2594.4,12.780295566502463,4.290769036211219,5.2,24.7,87,W05,8,11.666666666666668,29.820689655172416,101,102,0.4975369458128079
U0419,128,1845.4,14.4171875,4.180892218665112,7.2,26.9,73,W06,8,8.767123287671232,25.279452054794522,75,53,0.5859375
U0420,61,784.4,12.859016393442623,3.811402937203934,5.0,20.4,42,W01,8,7.261904761904762,18.676190476190477,33,28,0.5409836065573771
U0421,63,735.5,11.674603174603174,3.2946177150584344,4.9,22.4,43,W06,8,7.325581395348837,17.1046511627907,27,36,0.42857142857142855
U0422,91,1197.2,13.156043956043957,4.105719825674335,4.9,24.0,62,W01,8,7.338709677419355,19.309677419354838,41,50,0.45054945054945056
U0423,230,2853.3,12.405652173913044,3.6800670751516664,5.1,23.2,85,W06,8,13.529411764705884,33.56823529411765,123,107,0.5347826086956522
U0424,157,2173.7,13.845222929936305,4.31157425381235,5.4,26.0,78,W06,8,10.064102564102564,27.867948717948714,88,69,0.5605095541401274
U0425,238,2981.4,12.526890756302521,3.922330261464297,5.1,24.9,91,W05,8,13.076923076923077,32.76263736263736,125,113,0.5252100840336135
U0426,166,2199.3,13.248795180722892,4.4543575934040165,5.0,24.2,79,W06,8,10.506329113924052,27.839240506329116,85,81,0.5120481927710844
U0427,126,1695.9,13.45952380952381,4.291651030947014,5.1,25.4,74,W06,8,8.513513513513512,22.91756756756757,55,71,0.4365079365079365
U0428,48,521.3,10.860416666666666,3.416526765860904,4.8,19.7,42,W04,8,5.7142857142857135,12.411904761904761,29,19,0.6041666666666666
U0429,202,2667.3,13.204455445544555,4.031348545464649,6.5,25.5,90,W06,8,11.222222222222221,29.63666666666667,92,110,0.45544554455445546
U0430,233,3120.9,13.39442060085837,3.9381220071275163,5.4,25.4,88,W06,8,13.238636363636365,35.46477272727273,113,120,0.48497854077253216
U0431,194,2437.1,12.562371134020617,3.782010396435728,5.2,21.9,84,W06,8,11.547619047619047,29.013095238095236,82,112,0.422680412371134
U0432,67,834.1,12.449253731343283,3.975659775026803,6.8,20.2,51,W05,8,6.568627450980392,16.354901960784314,28,39,0.417910447761194
U0433,137,1948.5,14.222627737226277,4.276698023639435,5.3,26.1,72,W04,8,9.51388888888889,27.0625,72,65,0.5255474452554745
U0434,221,2944.5,13.323529411764707,4.265824894681634,5.9,25.7,87,W01,8,12.701149425287356,33.8448275862069,107,114,0.4841628959276018
U0435,227,2943.9,12.968722466960353,4.2177920289679705,5.3,24.2,90,W04,8,12.61111111111111,32.71,125,102,0.5506607929515418
U0436,64,818.0,12.78125,4.082594685378327,6.8,22.9,46,W05,8,6.956521739130435,17.782608695652176,27,37,0.421875
U0437,224,2972.4,13.269642857142857,4.291577720810891,5.3,25.6,91,W06,8,12.307692307692308,32.66373626373626,110,114,0.49107142857142855
U0438,63,709.1,11.255555555555556,3.5257018417192496,4.9,20.5,49,W06,8,6.428571428571429,14.471428571428572,22,41,0.3492063492063492
U0439,60,689.1,11.485000000000001,3.4996283095615666,5.6,19.6,43,W06,8,6.976744186046512,16.025581395348837,32,28,0.5333333333333333
U0440,204,2463.3,12.075000000000001,3.7604517729849727,5.2,23.9,85,W04,8,12.0,28.98,103,101,0.5049019607843137
U0441,179,2363.3,13.202793296089386,4.307328875452061,5.7,25.6,84,W06,8,10.654761904761905,28.134523809523813,83,96,0.46368715083798884
U0442,130,1972.7,15.174615384615384,4.414779819954354,6.4,24.6,65,W03,8,10.0,30.34923076923077,70,60,0.5384615384615384
U0443,229,2980.6,13.015720524017468,3.9899673558185884,5.1,24.4,87,W06,8,13.160919540229886,34.259770114942526,121,108,0.5283842794759825
U0444,216,2853.7,13.211574074074074,4.3274897739133635,5.6,25.2,86,W06,8,12.558139534883722,33.18255813953488,102,114,0.4722222222222222
U0445,44,583.2,13.254545454545456,4.1121179144173245,6.4,24.1,34,W01,8,6.470588235294118,17.15294117647059,20,24,0.45454545454545453
U0446,197,3087.6,15.673096446700507,4.918368015361207,6.1,28.4,84,W01,8,11.726190476190476,36.75714285714285,99,98,0.5025380710659898
U0447,135,1947.9,14.42888888888889,4.5000475398262765,6.2,26.9,73,W01,8,9.246575342465754,26.683561643835617,67,68,0.4962962962962963
U0448,63,728.2,11.55873015873016,3.9946995090928605,5.1,23.8,45,W01,8,7.0,16.182222222222222,21,42,0.3333333333333333
U0449,230,2774.8,12.064347826086957,3.5885721407675604,5.1,23.8,87,W06,8,13.218390804597702,31.89425287356322,100,130,0.43478260869565216
U0450,208,2598.1,12.490865384615384,3.549506765919466,5.2,24.5,88,W06,8,11.818181818181818,29.523863636363636,118,90,0.5673076923076923
U0451,58,692.4,11.937931034482759,3.6742741298282615,5.3,20.7,42,W01,8,6.904761904761905,16.485714285714284,32,26,0.5517241379310345
U0452,180,2295.7,12.753888888888888,3.928386364517387,5.1,24.3,84,W06,8,10.714285714285714,27.329761904761902,102,78,0.5666666666666667
U0453,162,2081.3,12.847530864197532,3.807514645873944,5.1,24.4,80,W03,8,10.125,26.016250000000003,81,81,0.5
U0454,244,3594.2,14.730327868852457,4.631914505992642,5.6,27.6,91,W04,8,13.406593406593405,39.496703296703295,123,121,0.5040983606557377
U0455,178,2221.2,12.478651685393258,3.947364762377177,5.2,23.9,81,W04,8,10.987654320987655,27.42222222222222,98,80,0.550561797752809
U0456,143,1847.9,12.922377622377622,3.9408910764084086,5.2,23.9,70,W06,8,10.214285714285714,26.39857142857143,69,74,0.4825174825174825
U0457,222,2880.2,12.973873873873874,4.122495657433575,5.2,25.3,88,W01,8,12.613636363636365,32.72954545454545,128,94,0.5765765765765766
U0458,157,2071.1,13.19171974522293,3.9363682628078567,5.6,26.3,83,W01,8,9.457831325301205,24.95301204819277,88,69,0.5605095541401274
U0459,204,2487.1,12.191666666666666,3.928446109361099,4.8,23.6,84,W01,8,12.142857142857142,29.60833333333333,93,111,0.45588235294117646
U0460,222,2847.7,12.827477477477476,4.061909135527566,5.1,25.3,88,W01,8,12.613636363636365,32.36022727272727,96,126,0.43243243243243246
U0461,183,2324.8,12.703825136612023,3.930458213930355,5.4,24.0,85,W01,8,10.76470588235294,27.35058823529412,110,73,0.6010928961748634
U0462,174,2255.3,12.961494252873564,4.348351632072981,5.4,26.3,82,W04,8,10.609756097560975,27.50365853658537,72,102,0.41379310344827586
U0463,82,1051.3,12.820731707317073,4.136669436381859,5.4,24.1,58,W06,8,7.068965517241379,18.125862068965517,43,39,0.524390243902439
U0464,189,2523.0,13.34920634920635,4.052273055947671,6.3,24.9,81,W01,8,11.666666666666668,31.14814814814815,81,108,0.42857142857142855
U0465,166,2662.5,16.039156626506024,4.839330959223104,6.9,30.6,80,W04,8,10.375,33.28125,83,83,0.5
U0466,185,2247.7,12.149729729729728,3.9302771824522527,5.1,23.7,86,W01,8,10.75581395348837,26.136046511627907,92,93,0.4972972972972973
U0467,219,2710.2,12.375342465753423,3.9637617947683808,5.5,25.1,87,W06,8,12.586206896551724,31.151724137931033,106,113,0.4840182648401826
U0468,85,1098.4,12.922352941176472,4.007415045904285,5.6,24.3,56,W01,8,7.5892857142857135,19.614285714285717,54,31,0.6352941176470588
U0469,210,2688.1,12.80047619047619,3.92158177269184,5.5,25.2,85,W01,8,12.352941176470589,31.62470588235294,90,120,0.42857142857142855
U0470,179,2787.1,15.570391061452513,5.038421520600028,5.8,29.1,83,W04,8,10.783132530120483,33.579518072289154,80,99,0.44692737430167595
U0471,223,2851.4,12.786547085201795,3.9418747776169445,5.5,24.2,89,W04,8,12.52808988764045,32.03820224719101,111,112,0.4977578475336323
U0472,172,2778.8,16.155813953488373,5.296288110994148,6.4,29.7,83,W04,8,10.361445783132531,33.47951807228916,79,93,0.45930232558139533
U0473,205,2564.3,12.508780487804879,4.072013638745236,5.2,23.6,91,W06,8,11.263736263736263,28.17912087912088,115,90,0.5609756097560976
U0474,61,818.1,13.411475409836067,4.057219834675617,6.0,24.6,44,W01,8,6.9318181818181825,18.59318181818182,23,38,0.3770491803278688
U0475,124,1682.9,13.571774193548388,4.198655620763344,5.4,24.5,70,W01,8,8.857142857142858,24.041428571428572,62,62,0.5
U0476,184,2874.8,15.623913043478263,4.612453315538886,7.7,28.9,84,W06,8,10.952380952380953,34.22380952380953,78,106,0.42391304347826086
U0477,212,2701.9,12.744811320754717,4.141801867912874,6.4,24.3,89,W02,8,11.910112359550562,30.358426966292136,109,103,0.5141509433962265
U0478,166,2109.3,12.706626506024097,3.7948631235294226,5.2,24.3,81,W06,8,10.246913580246915,26.040740740740745,79,87,0.4759036144578313
U0479,163,2624.7,16.102453987730062,5.170320702141528,6.4,30.1,81,W04,8,10.061728395061728,32.4037037037037,87,76,0.5337423312883436
U0480,174,2200.5,12.64655172413793,4.004327811237799,5.4,24.2,88,W01,8,9.886363636363637,25.005681818181817,97,77,0.5574712643678161
U0481,142,2021.1,14.233098591549295,4.741572917808144,5.9,25.6,75,W06,8,9.466666666666667,26.948,78,64,0.5492957746478874
U0482,153,2138.3,13.975816993464054,4.443209279690791,5.4,24.7,77,W01,8,9.935064935064936,27.77012987012987,75,78,0.49019607843137253
U0483,130,1670.2,12.847692307692308,4.1577650411188065,5.4,24.8,72,W01,8,9.027777777777779,23.197222222222223,63,67,0.4846153846153846
U0484,150,1963.9,13.092666666666668,4.150153173637481,5.2,24.2,78,W04,8,9.615384615384615,25.17820512820513,86,64,0.5733333333333334
U0485,163,2160.0,13.251533742331288,4.365639627993674,5.3,26.0,81,W06,8,10.061728395061728,26.666666666666668,96,67,0.588957055214724
U0486,212,3240.5,15.285377358490566,4.445842975425354,5.8,27.8,89,W01,8,11.910112359550562,36.41011235955056,110,102,0.5188679245283019
U0487,218,2784.6,12.773394495412843,4.04320314232513,5.4,25.0,83,W02,8,13.132530120481928,33.549397590361444,105,113,0.481651376146789
U0488,221,2745.0,12.42081447963801,4.074881065410858,5.1,24.2,87,W06,8,12.701149425287356,31.551724137931036,115,106,0.5203619909502263
U0489,187,3056.1,16.342780748663102,4.954566566337821,7.7,29.3,79,W01,8,11.835443037974684,38.68481012658228,97,90,0.5187165775401069
U0490,37,469.7,12.694594594594594,4.51884608832498,5.8,24.7,31,W01,8,5.967741935483871,15.151612903225805,21,16,0.5675675675675675
U0491,192,2440.7,12.711979166666666,4.008892241604818,5.3,24.6,81,W01,8,11.851851851851851,30.132098765432097,103,89,0.5364583333333334
U0492,143,1743.3,12.190909090909091,3.655555469070602,5.3,24.5,77,W02,8,9.285714285714286,22.64025974025974,85,58,0.5944055944055944
U0493,214,2858.3,13.356542056074767,4.2539050499839925,5.0,24.1,91,W04,8,11.758241758241759,31.40989010989011,115,99,0.5373831775700935
U0494,183,2492.0,13.617486338797814,4.7285804178071755,5.2,24.9,83,W08,8,11.024096385542169,30.02409638554217,101,82,0.5519125683060109
U0495,162,2044.2,12.618518518518519,4.182917378048533,5.0,24.5,80,W01,8,10.125,25.552500000000002,85,77,0.5246913580246914
U0496,203,2579.2,12.705418719211822,3.9445940193220927,4.9,23.7,88,W01,8,11.534090909090908,29.30909090909091,97,106,0.47783251231527096
U0497,183,2442.1,13.344808743169398,4.289555785491805,5.7,25.3,85,W01,8,10.76470588235294,28.730588235294118,89,94,0.48633879781420764
U0498,234,2890.4,12.352136752136753,4.02027262523558,5.1,23.8,89,W06,8,13.146067415730338,32.476404494382024,104,130,0.4444444444444444
U0499,173,2833.5,16.378612716763005,4.9426424454259,6.0,30.0,85,W04,8,10.176470588235293,33.33529411764706,97,76,0.5606936416184971
U0500,175,2576.4,14.722285714285714,4.654822666421272,6.1,27.8,81,W06,8,10.802469135802468,31.807407407407407,90,85,0.5142857142857142
