card_id,type,lunch_prob,dinner_prob,preferred_windows,price_offset
U0001,regular,0.9198161714019745,0.6072192732688241,"['W02', 'W03']",0.04109271844938425
U0002,high_spender,0.41450744858463384,0.38995998265838483,"['W03', 'W04', 'W08']",0.258857926258254
U0003,occasional,0.19201227939036847,0.10437159471778046,"['W08', 'W04', 'W06', 'W02']",0.028600374224643885
U0004,moderate,0.4800833782207056,0.41882614307042704,"['W02', 'W05', 'W04', 'W08', 'W07']",0.02155624757744673
U0005,regular,0.8914819502337665,0.5546814143861413,"['W02', 'W08', 'W03']",0.049663683707390535
U0006,regular,0.9055431705602627,0.6537974830361021,"['W06', 'W04']",-0.0370840584848505
U0007,regular,0.9454051027258722,0.621234926890176,"['W07', 'W06', 'W05']",-0.00018348133541070538
U0008,occasional,0.17143160451835213,0.15807829370812515,"['W05', 'W03', 'W02', 'W07']",0.007099962341659619
U0009,moderate,0.5679911794275272,0.396009193403695,"['W06', 'W01', 'W04', 'W03', 'W02']",-0.014999137685455325
U0010,occasional,0.1021816998501823,0.09557638264485761,"['W01', 'W04', 'W08', 'W05']",-0.019780906241097733
U0011,regular,0.8950910447416104,0.6820942556806546,"['W06', 'W08', 'W04']",-0.004065319205382757
U0012,high_spender,0.41841828300374195,0.3537835482630795,"['W03', 'W04', 'W08']",0.15993539667777987
U0013,occasional,0.10687918996069495,0.13070473897487186,"['W02', 'W01', 'W08', 'W04']",-0.020901024161452293
U0014,regular,0.8960119158983572,0.6169532211898308,"['W02', 'W05']",0.016755773852102723
U0015,regular,0.8672319871201629,0.5384578037617341,"['W03', 'W07']",-0.041129746624294444
U0016,regular,0.86206358711006,0.5921557536065452,"['W05', 'W04', 'W03']",-0.04077094137712539
U0017,regular,0.8981145394056292,0.6375569434192165,"['W07', 'W04', 'W08']",0.02482596903836584
U0018,moderate,0.4869042038712755,0.34186986466734204,"['W01', 'W05', 'W03', 'W04', 'W02']",0.02087881877464627
U0019,moderate,0.5994941876267513,0.30733664057811955,"['W04', 'W02', 'W01', 'W05', 'W08']",0.01921536035058001
U0020,regular,0.9032617266455023,0.5484941007269459,"['W08', 'W06']",-0.028855199300345538
U0021,moderate,0.515499470435583,0.32395242636385024,"['W08', 'W06', 'W03']",0.0248286418821963
U0022,regular,0.8586920288087423,0.6074213083637096,"['W06', 'W05', 'W08']",-0.013691770360136489
U0023,regular,0.91459172413316,0.6141556609337824,"['W02', 'W08', 'W04']",-0.039821752737959626
U0024,regular,0.8652859139184331,0.5491915456769016,"['W02', 'W05', 'W04']",-0.0481757518571639
U0025,moderate,0.5893922924732843,0.4994511069536789,"['W01', 'W08', 'W05', 'W06']",0.07725738792396568
U0026,occasional,0.17361231688881767,0.14397649256083084,"['W04', 'W05', 'W01']",-0.0574414683835595
U0027,regular,0.9467994066504234,0.6421904957673497,"['W05', 'W02', 'W06']",0.026777950144283885
U0028,moderate,0.4674580359179351,0.4012207912718694,"['W08', 'W07', 'W02', 'W01', 'W06']",0.019969476944100964
U0029,moderate,0.5597206235876306,0.4097843959777955,"['W07', 'W06', 'W08', 'W03']",0.05362506458786552
U0030,regular,0.9095638740607844,0.5943152377100317,"['W07', 'W08']",0.04329380670999547
U0031,moderate,0.6481858952914781,0.34100036201064743,"['W08', 'W02', 'W07', 'W05', 'W04']",0.061073497589524114
U0032,regular,0.9250501924765313,0.6599074261839031,"['W01', 'W04']",0.0407866130462516
U0033,regular,0.8816196582296494,0.6176613351590113,"['W05', 'W04', 'W02']",0.024760938017625106
U0034,high_spender,0.35054407801849585,0.24644253902936347,"['W03', 'W04', 'W08']",0.28493618599118525
U0035,high_spender,0.3267782442746423,0.30871057222279774,"['W03', 'W04', 'W08']",0.28597081664468205
U0036,occasional,0.19363569938709882,0.06519674529208733,"['W06', 'W01', 'W05', 'W08', 'W04']",-0.02550340109556378
U0037,regular,0.9241460911139046,0.6146301698514777,"['W02', 'W04']",-0.03568720144515304
U0038,regular,0.8704544593169463,0.6428128164447228,"['W06', 'W07']",-0.004299978071832168
U0039,moderate,0.5707915744145025,0.40045766949250605,"['W03', 'W08', 'W02']",0.040526239617382706
U0040,moderate,0.58878968889342,0.4085448886695192,"['W01', 'W07', 'W06', 'W02', 'W08']",0.034173097424273255
U0041,regular,0.890085141676364,0.5924011607288265,"['W01', 'W08', 'W06']",0.011145423543464782
U0042,moderate,0.4536220367641681,0.4744247817888303,"['W07', 'W06', 'W03']",-0.02241863066960593
U0043,regular,0.8577321065488787,0.5208493932103619,"['W04', 'W07']",-0.031367912050587934
U0044,high_spender,0.4174981578004984,0.2664292825309878,"['W03', 'W04', 'W08']",0.19671663960684616
U0045,regular,0.8727395620877112,0.6215788787588516,"['W07', 'W03']",0.010372153173013897
U0046,moderate,0.47285346001113754,0.3829009168407255,"['W04', 'W01', 'W05', 'W08']",0.019743973497878792
U0047,regular,0.8724604822939982,0.5904879032265387,"['W02', 'W03']",0.028049570754608774
U0048,moderate,0.5055174345258836,0.34401944281621943,"['W03', 'W02', 'W08', 'W06']",0.015608653609972614
U0049,moderate,0.4670699336157288,0.4993748503691895,"['W08', 'W02', 'W04']",-0.007434639546979212
U0050,regular,0.8690687720663667,0.507309933569619,"['W04', 'W05', 'W07']",0.002764773014478583
U0051,high_spender,0.3568911782514494,0.2962175896775172,"['W03', 'W04', 'W08']",0.22455179232318734
U0052,occasional,0.2148034421599361,0.06338759231307102,"['W01', 'W04', 'W06', 'W05', 'W02', 'W03', 'W08']",-0.02207636866747769
U0053,high_spender,0.41014995429722423,0.39578628712319225,"['W03', 'W04', 'W08']",0.27596832891848555
U0054,occasional,0.23004906400172853,0.10303798439742981,"['W06', 'W01', 'W02']",0.007990769391050825
U0055,moderate,0.4857089324108667,0.4305492215703749,"['W05', 'W07', 'W01', 'W04', 'W06']",-0.007451727504259691
U0056,high_spender,0.30862954605220266,0.379267163704224,"['W03', 'W04', 'W08']",0.1519502885266104
U0057,regular,0.8585508530854468,0.5415772510292054,"['W07', 'W06']",0.0410624003540304
U0058,regular,0.9124761271043251,0.567173171429967,"['W07', 'W08']",0.027383452320134033
U0059,regular,0.8862757894665945,0.6722136039949442,"['W03', 'W07']",0.006577661996656048
U0060,regular,0.9485367312241735,0.5942130905387628,"['W06', 'W04', 'W05']",0.019884585316090442
U0061,regular,0.8902550043596981,0.5436046214988173,"['W07', 'W08', 'W01']",0.019122185760965443
U0062,regular,0.9183183856445482,0.6645167751823348,"['W03', 'W08', 'W06']",-0.009475191197231128
U0063,occasional,0.1746197340969836,0.14362633561219845,"['W04', 'W08', 'W07', 'W01', 'W03', 'W05', 'W06']",0.000540303630496855
U0064,regular,0.8750730660561598,0.6266196126714895,"['W03', 'W04']",0.027091137706427057
U0065,regular,0.8922036059550686,0.5707742753122499,"['W07', 'W02', 'W06']",-0.04317502946459084
U0066,moderate,0.6174157981406059,0.3874386792714487,"['W01', 'W05', 'W04']",0.07305127132572338
U0067,regular,0.923257209721025,0.5429880757181513,"['W02', 'W01', 'W05']",-0.00036337527987636425
U0068,occasional,0.1895264273375334,0.0934517058062049,"['W08', 'W03', 'W07', 'W04']",-0.02549595521731817
U0069,regular,0.9188402396427735,0.5869654677207492,"['W01', 'W06']",-0.049474618144161514
U0070,high_spender,0.270618749202749,0.2629193113618822,"['W03', 'W04', 'W08']",0.27111453777251415
U0071,occasional,0.24431481786461764,0.1527017626429413,"['W02', 'W08', 'W05']",0.003493943009273484
U0072,regular,0.9224103329273138,0.6274463159578973,"['W06', 'W07', 'W05']",-0.044840419334129
U0073,regular,0.9169917464550039,0.5088330875420201,"['W03', 'W08', 'W04']",-0.046605402141420116
U0074,occasional,0.204613040087026,0.0886553709584316,"['W01', 'W04', 'W06', 'W08']",0.012900433838857736
U0075,occasional,0.14786507098648835,0.15775901163958805,"['W08', 'W02', 'W01']",0.017349819217560916
U0076,occasional,0.179539769895235,0.10733418102726101,"['W03', 'W05', 'W02', 'W06', 'W04', 'W01']",0.0011641343597177528
U0077,occasional,0.1780252164818098,0.10548621736513236,"['W08', 'W01', 'W04', 'W05', 'W07', 'W03']",0.01621718399526194
U0078,regular,0.9028937134027212,0.6878135397025792,"['W08', 'W05']",-0.009806908639075781
U0079,regular,0.8979875620303909,0.6255010926436739,"['W08', 'W03', 'W06']",-0.007864299772292985
U0080,regular,0.9237582301588891,0.5477554291536605,"['W01', 'W03']",0.008910853447089487
U0081,occasional,0.14158984685451603,0.16834408326747946,"['W06', 'W02', 'W03']",0.0077788254357721714
U0082,moderate,0.5017965303203628,0.41771084579464907,"['W05', 'W04', 'W01', 'W02', 'W03']",-0.011626265929871725
U0083,regular,0.9491168626136977,0.5463343402766887,"['W04', 'W02', 'W01']",-0.02693301882822413
U0084,regular,0.8676528032005508,0.5440972418140351,"['W07', 'W04']",-0.02836759769634465
U0085,regular,0.9018260366676392,0.6194548144860682,"['W01', 'W08']",0.049633577580672425
U0086,regular,0.9397436148046203,0.592676149643124,"['W03', 'W07']",-0.040851316260224514
U0087,occasional,0.23161912939455706,0.0845280055365318,"['W06', 'W08', 'W04', 'W02', 'W07', 'W03']",-0.04380434980931419
U0088,moderate,0.636317897663798,0.44704253090469054,"['W07', 'W05', 'W02', 'W01']",-0.021084916250158726
U0089,occasional,0.1330274802924717,0.13882363927574748,"['W03', 'W07', 'W06', 'W04', 'W08', 'W02', 'W01']",0.0197165091389038
U0090,moderate,0.5642637883839148,0.4324224020213129,"['W02', 'W07', 'W06', 'W04', 'W03']",0.06540236210557826
U0091,regular,0.9208362976715034,0.6674026656727343,"['W06', 'W01']",0.03808707591989284
U0092,occasional,0.2307765291617848,0.05380214679449269,"['W01', 'W07', 'W06', 'W04']",0.003229938416342809
U0093,occasional,0.1388032496046862,0.0751072723963481,"['W04', 'W02', 'W07', 'W05', 'W08', 'W01', 'W03']",-0.010259372659042754
U0094,moderate,0.5579970759431712,0.4559690790302287,"['W08', 'W05', 'W07', 'W04']",0.01313663325897163
U0095,occasional,0.12692459851357502,0.1479808484265675,"['W05', 'W06', 'W01', 'W03', 'W07', 'W02']",-0.07259143383843511
U0096,moderate,0.5664340920352546,0.3691766113905913,"['W04', 'W01', 'W07', 'W05']",0.019055413771135364
U0097,moderate,0.5795147286803816,0.41887917184570905,"['W04', 'W06', 'W02', 'W08', 'W07']",0.01904929770144232
U0098,moderate,0.5047253332563332,0.4994249000315422,"['W04', 'W02', 'W08']",0.062394188113971905
U0099,regular,0.9272822780016804,0.5460107366062867,"['W02', 'W07']",0.040952451094781836
U0100,regular,0.9357360092092498,0.6929040944540417,"['W04', 'W07']",0.0224422672614117
U0101,regular,0.9245837012030964,0.5400718287097426,"['W08', 'W06']",-0.034075426172073556
U0102,moderate,0.4907402498552549,0.31823289808123834,"['W07', 'W01', 'W05', 'W08', 'W04']",-0.015563063454937366
U0103,regular,0.8532526179491252,0.6841695695631373,"['W03', 'W08']",-0.027445985755626456
U0104,moderate,0.48216509381563805,0.43030389336045294,"['W06', 'W07', 'W04']",0.04485022889952578
U0105,high_spender,0.32910901677599375,0.39493997037413797,"['W03', 'W04', 'W08']",0.25828314418904025
U0106,regular,0.9156983857564492,0.6514118535222446,"['W02', 'W05', 'W07']",-0.03972075955073343
U0107,moderate,0.5641809003688328,0.303673527388108,"['W05', 'W03', 'W08', 'W02']",-0.022034210063902434
U0108,occasional,0.18013633089646677,0.16472935315654802,"['W01', 'W07', 'W03']",-0.004158853394900769
U0109,regular,0.9300586699109082,0.540030048848962,"['W07', 'W02']",0.009477663737693612
U0110,regular,0.9116604581862474,0.6225888349731211,"['W03', 'W01']",0.03148251137465123
U0111,regular,0.8580114846384674,0.6789633312121055,"['W05', 'W01', 'W04']",0.0026402660936113223
U0112,regular,0.9231589521755331,0.5163259964061179,"['W02', 'W03', 'W06']",-0.02807860126419557
U0113,high_spender,0.44517305116382627,0.2673791583542214,"['W03', 'W04', 'W08']",0.1773176873533049
U0114,occasional,0.21845477607137187,0.1356320108151139,"['W08', 'W01', 'W05', 'W03', 'W07']",0.029596730766241613
U0115,moderate,0.6449586324293566,0.43006513726938733,"['W04', 'W01', 'W07', 'W02']",-0.0016548822637664946
U0116,occasional,0.16939344351089747,0.1628754257030895,"['W01', 'W03', 'W02', 'W06']",-0.024467062991768047
U0117,occasional,0.18149507850449326,0.11681946281513425,"['W03', 'W01', 'W06']",0.01907720504123843
U0118,regular,0.8921720926873455,0.5553655594470103,"['W07', 'W08']",0.01315602200925206
U0119,occasional,0.20996695336229215,0.06710379906654378,"['W01', 'W03', 'W05', 'W07', 'W04', 'W02']",-0.06009253520195613
U0120,moderate,0.6208770186739159,0.39845557128960696,"['W03', 'W08', 'W02', 'W07']",-0.012012374015647493
U0121,occasional,0.15866223049776412,0.1760236019035874,"['W02', 'W08', 'W06', 'W04']",-0.030083150447799682
U0122,occasional,0.13540756950196958,0.05955457715290165,"['W03', 'W07', 'W06', 'W08']",-0.015332719177857432
U0123,regular,0.9448583354851433,0.5505055564150838,"['W02', 'W07', 'W05']",0.003351192529969557
U0124,regular,0.9281790329845029,0.6410771188224407,"['W05', 'W02', 'W01']",-0.023025038848301038
U0125,regular,0.8557086856089314,0.6062339056002064,"['W04', 'W07', 'W06']",-0.04114444157767586
U0126,moderate,0.47066179142480313,0.41693414008851776,"['W01', 'W08', 'W06', 'W07']",0.005544372277730643
U0127,occasional,0.24596466221055197,0.12541458986041085,"['W05', 'W01', 'W08', 'W03', 'W06']",-0.06421034017566679
U0128,occasional,0.24097296878902627,0.14527685938437446,"['W04', 'W07', 'W02', 'W03']",-0.0038111452551218977
U0129,regular,0.933811528964811,0.6889228438948046,"['W05', 'W04', 'W03']",0.026851936452379127
U0130,moderate,0.4726219638153146,0.45910207433928063,"['W02', 'W07', 'W08']",-0.018274766666121017
U0131,moderate,0.5815690609206072,0.49988274515413333,"['W02', 'W03', 'W04', 'W05']",-0.020047013518424417
U0132,regular,0.8788685595530638,0.52182192635315,"['W01', 'W08', 'W03']",0.040137564958844435
U0133,regular,0.9377891159041327,0.5634391433530797,"['W02', 'W04']",-0.013353846512860215
U0134,regular,0.8896172691609255,0.6390934413379724,"['W02', 'W03', 'W08']",-0.027273037273684853
U0135,high_spender,0.26463918475368875,0.3206897186762756,"['W03', 'W04', 'W08']",0.25023191978325243
U0136,regular,0.9119490346009614,0.5926988087601145,"['W03', 'W06']",-0.03910816581532686
U0137,moderate,0.47979837119403895,0.4053247594537919,"['W05', 'W01', 'W06', 'W07', 'W02']",-0.027994415905600218
U0138,occasional,0.1293666978525319,0.05098317374715848,"['W02', 'W06', 'W05', 'W03', 'W08', 'W01', 'W07']",-0.058313046076983496
U0139,regular,0.8979183229443599,0.5389116646370602,"['W06', 'W01', 'W03']",0.030302589783266345
U0140,high_spender,0.3578322553350509,0.26226153983120076,"['W03', 'W04', 'W08']",0.24155006749663777
U0141,high_spender,0.39323013484463876,0.25452480014670675,"['W03', 'W04', 'W08']",0.21203236522880273
U0142,regular,0.8621886093336947,0.5362298699069361,"['W03', 'W08']",0.04177524891713773
U0143,moderate,0.5349054850392724,0.3174077925175317,"['W06', 'W08', 'W07', 'W03']",0.03617730021609643
U0144,regular,0.931918885942679,0.6768412926696815,"['W03', 'W05']",0.040002312339801116
U0145,regular,0.8853421379302717,0.5473741117948964,"['W01', 'W07']",0.03095299757684418
U0146,regular,0.9266656135200406,0.5299407935913916,"['W07', 'W06']",-0.028326019990922435
U0147,moderate,0.46914291110403233,0.3047277172092673,"['W06', 'W07', 'W05', 'W01', 'W02']",0.03539239687047904
U0148,moderate,0.5493533717718339,0.4975571040429775,"['W08', 'W01', 'W04', 'W06', 'W03']",0.04893575422239939
U0149,regular,0.9192436151324369,0.6982511987404376,"['W01', 'W07', 'W08']",-0.022583933344019414
U0150,regular,0.8579419368988986,0.5171316499192861,"['W08', 'W05']",0.01171557833956468
U0151,high_spender,0.3384819872961339,0.3663726226502844,"['W03', 'W04', 'W08']",0.2504403924200943
U0152,regular,0.8569931605709434,0.6280336447656332,"['W08', 'W05', 'W07']",-0.030967513718093222
U0153,regular,0.8552338875786508,0.5756952846971738,"['W08', 'W07', 'W06']",-0.04112326058922316
U0154,moderate,0.6423331471909627,0.4269920091182066,"['W04', 'W06', 'W05', 'W03', 'W08']",0.043140289693593986
U0155,high_spender,0.40908999215794584,0.38543556389589056,"['W03', 'W04', 'W08']",0.185196312278318
U0156,regular,0.8899315915809308,0.5304832026660835,"['W03', 'W07']",0.01235856880027597
U0157,moderate,0.46782488642320336,0.4510540840993616,"['W03', 'W08', 'W01']",-0.017058606867908548
U0158,occasional,0.13410359501441482,0.09441768524659971,"['W07', 'W06', 'W04']",0.01078147190561865
U0159,regular,0.8779703538471479,0.6884774038204466,"['W01', 'W04', 'W02']",0.03514249577450958
U0160,occasional,0.13127657715360036,0.17097737790370912,"['W01', 'W08', 'W04', 'W07']",-0.0006435725938395143
U0161,regular,0.8641278049275506,0.5423964981804477,"['W08', 'W04', 'W06']",-0.027638556550368877
U0162,moderate,0.6414645775789174,0.4146082857861699,"['W03', 'W04', 'W06', 'W07']",0.036700803887671316
U0163,moderate,0.47783960492350597,0.4796523254585412,"['W08', 'W07', 'W02', 'W01']",0.043293757441854375
U0164,moderate,0.474352382225055,0.39564680460961443,"['W02', 'W03', 'W01']",0.025675604912426854
U0165,regular,0.893951168863291,0.5211329368523487,"['W07', 'W01', 'W06']",-0.011353915884085283
U0166,occasional,0.18466616360183236,0.07493171922694188,"['W04', 'W05', 'W07']",-0.04729094469394772
U0167,regular,0.8930337177508921,0.5341329517099996,"['W07', 'W02']",0.013318962601346407
U0168,regular,0.8728894604846613,0.5465291077125362,"['W03', 'W01', 'W02']",0.022431746967666116
U0169,regular,0.9292093633760543,0.5809596858170399,"['W06', 'W01', 'W08']",0.023361438056140202
U0170,moderate,0.603860978728268,0.30220625288572944,"['W01', 'W04', 'W07', 'W02']",-0.009133566700785509
U0171,moderate,0.5737896386015443,0.36470007898229473,"['W04', 'W03', 'W01', 'W08']",-0.0253103469784264
U0172,regular,0.8871408567650141,0.5531702273308627,"['W01', 'W03']",0.036466039214041776
U0173,moderate,0.4986955936809735,0.43034212958219364,"['W03', 'W08', 'W06', 'W02', 'W07']",0.07518444097138431
U0174,regular,0.8633145004178097,0.5204299059315076,"['W05', 'W03', 'W06']",0.03408715794259226
U0175,moderate,0.457685269792465,0.4803523984270847,"['W08', 'W05', 'W01']",0.06783300077417287
U0176,regular,0.8950619656729758,0.67649188809122,"['W03', 'W02']",-0.04152079839541968
U0177,moderate,0.5932646776125364,0.31441686719973466,"['W03', 'W06', 'W02', 'W07', 'W04']",0.0026189139416420773
U0178,regular,0.8849703229745849,0.6549307062362364,"['W07', 'W05']",0.01603027197013382
U0179,high_spender,0.40287453244434723,0.2530092856650008,"['W03', 'W04', 'W08']",0.1531417441546369
U0180,regular,0.8582171667476427,0.6935720069690061,"['W04', 'W06']",-0.03786135818405936
U0181,regular,0.9115012968038866,0.6549267561275576,"['W03', 'W04']",-0.020717796329903528
U0182,regular,0.947997032935885,0.6203763179272643,"['W06', 'W01']",-0.038919203782019296
U0183,high_spender,0.36970631513687313,0.21900233979846095,"['W03', 'W04', 'W08']",0.2063989334911967
U0184,occasional,0.1825137910687234,0.10052486382188011,"['W05', 'W02', 'W03', 'W01']",-0.07860136210144171
U0185,regular,0.949241540048947,0.6342909869789286,"['W05', 'W02', 'W03']",0.013607076372982502
U0186,moderate,0.4942126742907457,0.4956794557601192,"['W01', 'W05', 'W02', 'W07']",0.0783136713476959
U0187,occasional,0.24060820997456783,0.05561258565361152,"['W06', 'W01', 'W08', 'W03']",-0.02627664569285665
U0188,moderate,0.48013522154197547,0.3684767272067093,"['W02', 'W06', 'W08', 'W04']",-0.018347621618565773
U0189,moderate,0.48031387431753475,0.3187513841291113,"['W03', 'W07', 'W08', 'W04', 'W06']",0.04991078866243054
U0190,regular,0.9491809951349363,0.5198356199174432,"['W05', 'W04', 'W06']",0.023307129602967477
U0191,regular,0.9115985450260179,0.5376049469230832,"['W06', 'W03']",0.02609907600280939
U0192,occasional,0.10529670324103586,0.1469453917550602,"['W08', 'W06', 'W07']",-0.04638353629607637
U0193,high_spender,0.4253301523656401,0.3992668675254495,"['W03', 'W04', 'W08']",0.20524642957602723
U0194,moderate,0.5397221261909085,0.4444141876405474,"['W04', 'W01', 'W08', 'W07']",-0.026802148162165088
U0195,regular,0.8666885117854871,0.5362638559851011,"['W07', 'W06']",-0.03958626420797126
U0196,regular,0.8725438755463694,0.6405886881957353,"['W01', 'W05', 'W04']",0.0325049410180062
U0197,occasional,0.17473835233951807,0.060017576287463056,"['W01', 'W07', 'W08', 'W03', 'W05', 'W02', 'W06']",-0.03891911442414092
U0198,occasional,0.11835651359877669,0.1456157288433799,"['W08', 'W05', 'W06']",0.02981822625322446
U0199,occasional,0.23996699970153365,0.1335334759395749,"['W08', 'W01', 'W02']",0.012378251419917885
U0200,occasional,0.1575749427899566,0.12434339525953425,"['W07', 'W08', 'W03', 'W06', 'W02', 'W05', 'W04']",-0.0029722844611026894
U0201,moderate,0.5671620291943804,0.4172958184377414,"['W04', 'W02', 'W06', 'W08']",0.06380008218632824
U0202,regular,0.8725541329925732,0.5753828329472743,"['W03', 'W07', 'W06']",-0.036652002758405626
U0203,regular,0.8580601513757125,0.645587861394753,"['W08', 'W05', 'W06']",-0.027477629773151026
U0204,occasional,0.11970241122173601,0.10184868386148482,"['W07', 'W03', 'W06', 'W02', 'W05', 'W04']",-0.07600836151251476
U0205,moderate,0.5051439706191104,0.3551224677357891,"['W03', 'W05', 'W04', 'W01']",-0.02280972266791762
U0206,regular,0.8987571193673384,0.5067227200366565,"['W06', 'W04', 'W07']",0.02718577261816213
U0207,regular,0.8586424610762546,0.547356861862277,"['W01', 'W07', 'W06']",0.02877130155277087
U0208,moderate,0.5748850892943456,0.3988962262590186,"['W07', 'W06', 'W04']",0.003956861771051479
U0209,regular,0.9447035987738722,0.693471235557655,"['W07', 'W06']",-0.041115975491243566
U0210,regular,0.9183754105577042,0.60902110565214,"['W07', 'W01', 'W03']",0.029169998845335166
U0211,moderate,0.5597677313440117,0.4225800321723898,"['W03', 'W05', 'W04', 'W08']",0.043060670595595915
U0212,moderate,0.4932180906370615,0.3195125020478599,"['W01', 'W02', 'W03', 'W08', 'W04']",-0.017687048027631665
U0213,moderate,0.5211946747589705,0.49561236359470573,"['W08', 'W06', 'W03', 'W02', 'W04']",0.05324266562574985
U0214,regular,0.9019385859503937,0.5409762548301424,"['W05', 'W01']",-0.004876065581901193
U0215,occasional,0.24774844842113125,0.15036162192029875,"['W05', 'W07', 'W02', 'W08']",0.007817860704676105
U0216,regular,0.8871932667916864,0.5903393638463366,"['W01', 'W08']",-0.03132767042269585
U0217,regular,0.8594036104434266,0.5713341948283529,"['W06', 'W02']",0.03969579304235343
U0218,occasional,0.17802857848773318,0.10818838224162822,"['W01', 'W08', 'W04', 'W06', 'W05', 'W03']",-0.06142603726545452
U0219,moderate,0.5514102207730882,0.4196225258738036,"['W06', 'W07', 'W02', 'W01', 'W03']",0.07645314648137277
U0220,occasional,0.22853109041126413,0.06529371846071227,"['W02', 'W04', 'W08', 'W03', 'W05']",-0.0002295897169870137
U0221,moderate,0.5146022396772427,0.49941563141633233,"['W02', 'W04', 'W06', 'W01']",-0.026769942498736845
U0222,moderate,0.6145916892442973,0.3419505895367363,"['W07', 'W02', 'W06', 'W01']",0.07100287995850528
U0223,regular,0.8610748445318958,0.6519164820229263,"['W08', 'W07']",-0.0005787552749700123
U0224,regular,0.9328249252437217,0.5670416094741746,"['W06', 'W03', 'W01']",-0.0079881272152275
U0225,regular,0.940535987427787,0.6479342601453527,"['W04', 'W08', 'W07']",0.04791049380151545
U0226,regular,0.9134142138295737,0.5252529483129006,"['W01', 'W07', 'W05']",0.03557372589057864
U0227,high_spender,0.295435911404703,0.36740822504858806,"['W03', 'W04', 'W08']",0.19189141326816156
U0228,regular,0.9142881910058708,0.6388301147019662,"['W02', 'W08']",0.015316279053128296
U0229,occasional,0.2407457227672724,0.16325658269419677,"['W07', 'W06', 'W01']",-0.006219445690358261
U0230,moderate,0.562088126196088,0.3221978938426962,"['W03', 'W01', 'W02', 'W07']",0.015403724219262865
U0231,occasional,0.2203531493738896,0.11227910820343566,"['W04', 'W05', 'W07']",0.010864295683322908
U0232,moderate,0.5898630750252407,0.46789218190015336,"['W02', 'W08', 'W05']",0.0009673318256422959
U0233,moderate,0.6245507679132256,0.3225160780823874,"['W03', 'W06', 'W07', 'W02']",0.03238878579113241
U0234,moderate,0.5067656894047041,0.4649069616174064,"['W05', 'W02', 'W06']",0.06649634028784204
U0235,regular,0.9377261762826179,0.5660816007751548,"['W06', 'W03', 'W02']",0.008280683508348964
U0236,occasional,0.24931562742869648,0.16124049219888015,"['W02', 'W06', 'W01', 'W07', 'W03', 'W08', 'W04']",-0.06967569866943082
U0237,regular,0.9409626819436592,0.6338400525876157,"['W03', 'W07']",-0.03624762251829847
U0238,regular,0.8840815699789847,0.5329649350693524,"['W02', 'W06', 'W07']",-0.026256653162519374
U0239,moderate,0.5524727555091582,0.3208449605616695,"['W06', 'W01', 'W07', 'W02']",0.05179533077942158
U0240,regular,0.9006266059495203,0.6268208062752663,"['W04', 'W03', 'W08']",0.04073801647128471
U0241,high_spender,0.29777133208038553,0.29392835493614183,"['W03', 'W04', 'W08']",0.21756979524867273
U0242,high_spender,0.344594269219102,0.32450393914594905,"['W03', 'W04', 'W08']",0.22046156444860254
U0243,high_spender,0.3394936282644916,0.2948576840862521,"['W03', 'W04', 'W08']",0.23863011619065622
U0244,regular,0.9037007488351358,0.6708271995301008,"['W07', 'W05']",0.03025856795798129
U0245,regular,0.90720486433693,0.6025335451912832,"['W02', 'W03']",0.011706651611780125
U0246,high_spender,0.27276767869532026,0.26904462856033845,"['W03', 'W04', 'W08']",0.22611179080767133
U0247,moderate,0.6248445049370352,0.39870931606802373,"['W04', 'W01', 'W02', 'W08', 'W05']",0.013403368315741106
U0248,high_spender,0.3343656357077663,0.28220421505310916,"['W03', 'W04', 'W08']",0.2861416503834832
U0249,high_spender,0.3928065288933713,0.32158104281814076,"['W03', 'W04', 'W08']",0.1964059076794173
U0250,occasional,0.22356855763319422,0.17415786649304857,"['W02', 'W07', 'W04', 'W06']",-0.01358250017556735
U0251,regular,0.9186589913492607,0.522897527613181,"['W05', 'W06', 'W03']",-0.008105220981252458
U0252,regular,0.9251178047808417,0.514201532906651,"['W05', 'W04', 'W06']",0.0146450090124607
U0253,occasional,0.23320585965401766,0.12783001230148267,"['W05', 'W02', 'W04', 'W08']",-0.009833519807000271
U0254,regular,0.9240981250274578,0.6059983045852837,"['W04', 'W03']",-0.020495929234584376
U0255,regular,0.8986000493797602,0.6154399773469101,"['W02', 'W07', 'W04']",0.022917348754944805
U0256,moderate,0.580458329718388,0.46912087259798135,"['W07', 'W06', 'W05', 'W01']",0.0036944848656033993
U0257,high_spender,0.4077970319841587,0.28928390328031645,"['W03', 'W04', 'W08']",0.26975705107775283
U0258,moderate,0.6144844747336558,0.47151246753225673,"['W04', 'W05', 'W08', 'W06', 'W02']",0.047614444890820715
U0259,moderate,0.5876810036984274,0.3749105774040243,"['W08', 'W02', 'W03']",0.007374570986622968
U0260,regular,0.9017239381714331,0.5757820556117629,"['W05', 'W02']",0.0347139489693785
U0261,moderate,0.5562170689770486,0.46834467234893523,"['W03', 'W06', 'W02', 'W05']",-0.004866457856975214
U0262,high_spender,0.44549042359807356,0.3063825413048527,"['W03', 'W04', 'W08']",0.17036835705959055
U0263,regular,0.8599302202753693,0.541772814141148,"['W05', 'W01']",-0.03529381494334116
U0264,moderate,0.5475702394384813,0.32600955650222774,"['W06', 'W07', 'W03', 'W01']",0.01885404844823268
U0265,occasional,0.24922869595889824,0.12089954575837933,"['W07', 'W02', 'W08', 'W01', 'W04', 'W06', 'W03']",-0.04255741853200438
U0266,occasional,0.18121114110213776,0.07003885561320333,"['W07', 'W01', 'W04']",-0.04081957881706465
U0267,moderate,0.6153629947592838,0.44180274485740634,"['W02', 'W07', 'W03', 'W08']",0.02993104232997055
U0268,occasional,0.12478630756639049,0.12578797540139833,"['W06', 'W01', 'W07', 'W04', 'W08', 'W02', 'W05']",0.029323322778966793
U0269,regular,0.9380314762148927,0.624681191631888,"['W04', 'W07']",-0.04605404671091007
U0270,regular,0.8975546037486827,0.6086049167915326,"['W04', 'W01']",-0.004153357543074221
U0271,occasional,0.10569723449347802,0.14696180502151157,"['W08', 'W03', 'W06', 'W02', 'W07', 'W04']",0.026656849953290485
U0272,occasional,0.24236682146341607,0.11667731409913569,"['W03', 'W01', 'W05', 'W07', 'W02', 'W06']",-0.0576454599805304
U0273,occasional,0.2142697287066546,0.10025026588699362,"['W05', 'W04', 'W06', 'W07', 'W02']",0.027881327794177235
U0274,high_spender,0.33151684171476337,0.36550378442126064,"['W03', 'W04', 'W08']",0.26467916919820766
U0275,moderate,0.5647057902911147,0.4912094287223866,"['W02', 'W03', 'W07', 'W06', 'W08']",0.06823992257149565
U0276,moderate,0.4624915187238143,0.4766929525972121,"['W01', 'W02', 'W04', 'W03', 'W07']",0.053885603416359285
U0277,occasional,0.2393886097010844,0.0539714294221394,"['W03', 'W01', 'W08', 'W04', 'W05']",-0.04933641403439917
U0278,moderate,0.49214099277344064,0.49148960380761925,"['W04', 'W05', 'W07', 'W01', 'W06']",-0.0284253194566234
U0279,occasional,0.21068042778422952,0.15843879761008786,"['W02', 'W03', 'W01']",0.01728667030521748
U0280,occasional,0.20500514091581568,0.06357253686725059,"['W01', 'W05', 'W03']",-0.04632489250324475
U0281,occasional,0.1823695504415759,0.13217167783581152,"['W01', 'W07', 'W04', 'W03', 'W06', 'W08', 'W02']",-0.04704777542507387
U0282,regular,0.8576862075276164,0.6001248536140835,"['W03', 'W01', 'W07']",0.01668544210142678
U0283,regular,0.8711112471166136,0.6726801533714003,"['W04', 'W05']",-0.0023563013656208373
U0284,regular,0.8726028997816,0.6280952084351688,"['W02', 'W04']",-0.03770793215346124
U0285,moderate,0.6277318160530798,0.4006167901559673,"['W01', 'W03', 'W07', 'W05']",0.020948998842647594
U0286,regular,0.8734653441775849,0.5606388118922092,"['W01', 'W02']",-0.022859061955328566
U0287,moderate,0.5493390845635893,0.35685481858550333,"['W07', 'W06', 'W05', 'W04']",-0.01869769223023343
U0288,moderate,0.48780790494550635,0.4566033274633466,"['W05', 'W04', 'W02', 'W03']",-0.029579808507555858
U0289,regular,0.8746823869201902,0.6481808112304143,"['W02', 'W05']",0.0342711902160555
U0290,moderate,0.5126695835170286,0.45778649435520147,"['W04', 'W07', 'W06', 'W02', 'W01']",-0.01723750505170138
U0291,regular,0.8542291749222681,0.6129258101994526,"['W06', 'W04', 'W08']",-0.03171927633430996
U0292,regular,0.8778439408250435,0.5259201302390883,"['W02', 'W04', 'W03']",0.014414922147591588
U0293,occasional,0.10722790185899445,0.09680656056712719,"['W06', 'W07', 'W05', 'W04', 'W02', 'W03']",-0.039320541841410574
U0294,regular,0.8552355020187472,0.6535135257035836,"['W07', 'W03', 'W01']",0.03697631766817108
U0295,regular,0.923049636095879,0.6295426342125843,"['W03', 'W04', 'W01']",0.04308072973164899
U0296,moderate,0.47514485379844523,0.4474193100864102,"['W01', 'W03', 'W02', 'W06']",0.033709278091219444
U0297,occasional,0.11280120047264873,0.05559090374270213,"['W05', 'W04', 'W03', 'W07', 'W02', 'W06', 'W08']",-0.004315111178038483
U0298,regular,0.8741888883554145,0.6822137405534767,"['W05', 'W08', 'W07']",-0.00957102527451309
U0299,moderate,0.5561875356824187,0.4190263349811363,"['W07', 'W08', 'W05']",0.053853993522413254
U0300,regular,0.8954918889507587,0.553450525958719,"['W05', 'W01']",-0.04236150550085441
U0301,regular,0.8882580323570635,0.573546730161022,"['W04', 'W02']",-0.027673661449480372
U0302,moderate,0.5783719917710711,0.414129924776187,"['W02', 'W01', 'W06', 'W03', 'W07']",0.0301659576508527
U0303,moderate,0.615952624057529,0.42122931298669597,"['W02', 'W05', 'W08']",-0.002873600152417291
U0304,moderate,0.5468154139420404,0.4494888813193388,"['W05', 'W03', 'W01', 'W06', 'W07']",0.05637084974632492
U0305,occasional,0.24869918523463308,0.12078270326403419,"['W08', 'W04', 'W05', 'W02', 'W03', 'W07']",0.018568262297403063
U0306,high_spender,0.41943888780671634,0.2630294078265107,"['W03', 'W04', 'W08']",0.19143559874627294
U0307,moderate,0.6463306647704896,0.4054530361830513,"['W02', 'W05', 'W08', 'W01', 'W06']",0.07092344274451892
U0308,regular,0.879050450567142,0.5939976536315873,"['W03', 'W04']",-0.04921584092280832
U0309,occasional,0.1946382685343745,0.10819754530335439,"['W04', 'W05', 'W01']",-0.00524176339913815
U0310,regular,0.8576239217973565,0.5549407630095784,"['W04', 'W03', 'W01']",-0.04561000573569949
U0311,moderate,0.4831499559640312,0.38910832774837817,"['W02', 'W05', 'W08']",0.027995592682930392
U0312,regular,0.8891858296409079,0.6318227528939053,"['W01', 'W02']",0.0022539716732053253
U0313,regular,0.8719117479469938,0.5917926958754597,"['W01', 'W08', 'W04']",0.03293916269585126
U0314,high_spender,0.3964245213685912,0.27100821129039165,"['W03', 'W04', 'W08']",0.2547466735841359
U0315,occasional,0.15928088894649553,0.17387658347971757,"['W08', 'W01', 'W06', 'W03']",-0.02959418845678828
U0316,moderate,0.6062697681228812,0.4920335569457491,"['W03', 'W02', 'W07', 'W01']",0.05628629438037594
U0317,moderate,0.525397108385256,0.41039806042414423,"['W08', 'W01', 'W06', 'W07', 'W04']",0.05017475864969416
U0318,regular,0.859539927731321,0.5857404041972867,"['W06', 'W07']",-0.021111506109083435
U0319,regular,0.8897836625502157,0.6839062049312099,"['W04', 'W02']",0.04184264321454087
U0320,regular,0.9450928594502548,0.6154245172076641,"['W07', 'W03', 'W06']",-0.008439610409266454
U0321,moderate,0.6194543335443718,0.48044728069244763,"['W08', 'W01', 'W06', 'W03']",-0.02571770403417658
U0322,occasional,0.10540282274371396,0.07277883037375756,"['W03', 'W02', 'W06', 'W04']",-0.03197243912543573
U0323,moderate,0.5660177669338909,0.40333967704525353,"['W02', 'W01', 'W06', 'W07']",0.0741102164465446
U0324,regular,0.9392558227486474,0.5838895987914627,"['W05', 'W03', 'W01']",-0.024469092349606838
U0325,high_spender,0.30913893480832083,0.31876049616192315,"['W03', 'W04', 'W08']",0.15492144361929125
U0326,occasional,0.19540637031699526,0.09736605099567017,"['W06', 'W02', 'W04', 'W08']",0.010942144482887176
U0327,moderate,0.4595282514873013,0.4453498448336393,"['W06', 'W05', 'W01']",0.02930040080096096
U0328,moderate,0.5064944852740008,0.3850456370875388,"['W02', 'W03', 'W04']",-0.023253594879238913
U0329,moderate,0.5224352509597456,0.44462565477651084,"['W01', 'W02', 'W03', 'W04', 'W08']",-0.029837879570505745
U0330,regular,0.9229344794087996,0.693369099959857,"['W02', 'W08', 'W06']",0.010963101165690194
U0331,regular,0.9396040799657218,0.6636053498277386,"['W04', 'W05', 'W07']",0.03066935196947393
U0332,occasional,0.24772876041437136,0.1480522737586705,"['W08', 'W02', 'W04', 'W07', 'W03', 'W01', 'W05']",-0.001974708868012945
U0333,regular,0.866732130400106,0.6561263434851115,"['W06', 'W04']",-0.03700586277320588
U0334,regular,0.9060091697443395,0.6561463706401802,"['W06', 'W02']",-0.03409749962597387
U0335,regular,0.8680195754128147,0.5196469984378161,"['W04', 'W03', 'W08']",-0.04691420956919276
U0336,regular,0.855189529951841,0.5284340893407791,"['W02', 'W08', 'W01']",0.026471914147627923
U0337,occasional,0.20065829257898715,0.10659214878918072,"['W07', 'W08', 'W06']",-0.07722872446448477
U0338,occasional,0.2258495991577016,0.051484337849029574,"['W07', 'W08', 'W04', 'W03']",0.00988409562171437
U0339,moderate,0.5592860632155695,0.4934070550512292,"['W07', 'W06', 'W02', 'W04', 'W03']",-0.010281882690143095
U0340,regular,0.9300003481763681,0.6105414151437091,"['W04', 'W05', 'W06']",0.012502918608520569
U0341,moderate,0.513309933053574,0.4632821569930061,"['W04', 'W01', 'W08']",0.03907927208645079
U0342,moderate,0.4995020146280824,0.33256300993537274,"['W02', 'W07', 'W08']",0.015282100650237267
U0343,regular,0.9434994431838765,0.586108041901438,"['W04', 'W07', 'W02']",-0.006723312040073738
U0344,moderate,0.5870887766443803,0.3664912314297424,"['W03', 'W08', 'W02', 'W05']",0.03955103690014039
U0345,regular,0.8698992138959436,0.583666772820456,"['W07', 'W01', 'W06']",0.048036874094218515
U0346,moderate,0.4635005093367644,0.403740198876119,"['W03', 'W01', 'W07']",0.05116734833180668
U0347,moderate,0.5909108856054891,0.38454572737878645,"['W05', 'W08', 'W07', 'W02', 'W06']",0.05141775056376094
U0348,regular,0.9130700471158785,0.6099212537061514,"['W04', 'W07', 'W05']",-0.043166589515439585
U0349,regular,0.8930374749690793,0.639159495531089,"['W07', 'W01']",-0.01267401855372411
U0350,moderate,0.5627319942057525,0.3901372949877826,"['W05', 'W08', 'W02', 'W06']",-0.01085101571574278
U0351,moderate,0.47341320828483374,0.38981694900218933,"['W02', 'W05', 'W01']",0.05495311166818771
U0352,occasional,0.19378071542956632,0.09856212413619865,"['W02', 'W06', 'W03', 'W08', 'W05', 'W07', 'W01']",-0.02038109176212575
U0353,moderate,0.6379303022587017,0.34409673869466084,"['W03', 'W08', 'W04']",0.017694107189587582
U0354,regular,0.8592625483051367,0.6496768699352462,"['W02', 'W06']",-0.049094583841962906
U0355,regular,0.9089453989484697,0.6226583369774757,"['W06', 'W05']",0.03183695664813373
U0356,moderate,0.46000371536422247,0.4823042586650633,"['W07', 'W04', 'W02', 'W03', 'W05']",0.009034691382076264
U0357,regular,0.8924771530425053,0.5430688762765106,"['W08', 'W01']",0.03229838050417676
U0358,moderate,0.6365421016265522,0.40885079322273954,"['W05', 'W07', 'W04', 'W08']",0.002064531501609519
U0359,high_spender,0.4041485061811103,0.28549913007135186,"['W03', 'W04', 'W08']",0.18093261076262096
U0360,moderate,0.6099437527929723,0.3667213578058086,"['W07', 'W08', 'W03']",0.015247341314905828
U0361,regular,0.9373722920182225,0.6275908525369477,"['W06', 'W05', 'W01']",-0.04359936533913791
U0362,moderate,0.6149486474694015,0.35847662208243863,"['W06', 'W07', 'W03', 'W08', 'W04']",0.02164780962482489
U0363,moderate,0.4556622548805336,0.3420058699032563,"['W08', 'W05', 'W04']",-0.012455851120450587
U0364,moderate,0.4820925228542453,0.3140983891286289,"['W08', 'W06', 'W07', 'W01']",0.019082134307529808
U0365,high_spender,0.41116890652356664,0.20159288094909023,"['W03', 'W04', 'W08']",0.2886841583065207
U0366,regular,0.8943306509517175,0.6106760375731495,"['W06', 'W03']",-0.019220416831925435
U0367,high_spender,0.43275768877465187,0.3905630034005012,"['W03', 'W04', 'W08']",0.19901138130450613
U0368,high_spender,0.32088498975861096,0.3011268306843918,"['W03', 'W04', 'W08']",0.29116812188005103
U0369,regular,0.937631943314231,0.5205135925167179,"['W04', 'W01']",0.035881677116815475
U0370,regular,0.9176940782996837,0.6675816749703607,"['W04', 'W05']",-0.03396345938802568
U0371,regular,0.9173645417474907,0.5358506511478561,"['W08', 'W02', 'W06']",0.0031889079007514157
U0372,regular,0.9289432194195191,0.5593573364039701,"['W05', 'W07', 'W02']",-0.025846315829831823
U0373,regular,0.8854271327217216,0.5210690968962667,"['W05', 'W07', 'W06']",-0.044226784077488285
U0374,moderate,0.5282065738254798,0.3468406741852668,"['W02', 'W07', 'W08', 'W01', 'W05']",0.01718387667731587
U0375,regular,0.904090500383808,0.6392859614072214,"['W04', 'W07']",0.03705269662693843
U0376,regular,0.9131418921218376,0.6065008132831964,"['W04', 'W02']",0.04804355702703718
U0377,occasional,0.17684271358652276,0.06485715009973733,"['W06', 'W04', 'W05', 'W07']",-0.07800635548496973
U0378,regular,0.9292758113572812,0.51380918126292,"['W01', 'W04']",0.03815634549407569
U0379,occasional,0.20969747795549443,0.14064580447700142,"['W08', 'W02', 'W04']",0.007071402285050696
U0380,regular,0.8951294113029254,0.5366884392806869,"['W04', 'W07', 'W02']",0.014777423295034203
U0381,regular,0.8515508330626592,0.5561763930372488,"['W05', 'W02', 'W01']",0.0468065812050759
U0382,moderate,0.4633129455828446,0.4296636014904191,"['W01', 'W04', 'W03']",0.07969005892932454
U0383,moderate,0.5618118569893205,0.3642324305271907,"['W01', 'W04', 'W02', 'W05', 'W08']",0.02106623717131474
U0384,occasional,0.20841066283582071,0.13537483301380904,"['W01', 'W05', 'W04', 'W02', 'W07']",-0.02676116950022782
U0385,occasional,0.1007970213502519,0.1545843035161369,"['W03', 'W02', 'W06', 'W05', 'W04', 'W01', 'W07']",-0.019716440766933588
U0386,occasional,0.17816097857625818,0.09552638884179494,"['W02', 'W08', 'W07', 'W06']",-0.06131308933441912
U0387,regular,0.8694975199900289,0.6780819034438657,"['W07', 'W06']",0.03525849549383428
U0388,regular,0.904164641821676,0.6516534584112118,"['W04', 'W01', 'W06']",-0.025849937200716655
U0389,occasional,0.13223689555545937,0.1052306095728513,"['W05', 'W06', 'W07', 'W08', 'W01', 'W03']",-0.03789213591199734
U0390,occasional,0.2232746419878039,0.1357363999233001,"['W05', 'W02', 'W04']",0.0023056114465085514
U0391,high_spender,0.29500837523417445,0.3057448838196872,"['W03', 'W04', 'W08']",0.27388765609740456
U0392,moderate,0.5426229427675023,0.3556915092747146,"['W05', 'W08', 'W01', 'W03', 'W02']",0.06038127262579483
U0393,regular,0.8961522927588607,0.6966611313636935,"['W03', 'W07', 'W01']",-0.02827691135469892
U0394,occasional,0.16959851971966378,0.08432056549473058,"['W01', 'W07', 'W02', 'W06', 'W04', 'W08', 'W03']",0.006214962791897413
U0395,regular,0.892898493184089,0.540213030409989,"['W01', 'W03', 'W04']",0.024800473637140344
U0396,high_spender,0.4125427239786124,0.3413675711561083,"['W03', 'W04', 'W08']",0.29508953812895483
U0397,occasional,0.22399780861909607,0.16740218462394998,"['W06', 'W04', 'W01', 'W08', 'W02', 'W05', 'W03']",-0.05343538662174454
U0398,moderate,0.45807016537193995,0.3822383035989172,"['W07', 'W02', 'W05']",0.0322798760347578
U0399,occasional,0.1469166983815531,0.13506446071405356,"['W05', 'W04', 'W03', 'W01', 'W02']",-0.02372007103154152
U0400,occasional,0.10080192412815467,0.17199378670155874,"['W06', 'W07', 'W04', 'W01', 'W03', 'W02', 'W08']",0.0032403183775424754
U0401,regular,0.8942293805451135,0.6414794000065855,"['W05', 'W08']",0.01185270587181856
U0402,high_spender,0.3766145306999026,0.2938570454651581,"['W03', 'W04', 'W08']",0.21645890434956316
U0403,moderate,0.5488295341275765,0.47220905990066236,"['W02', 'W07', 'W05', 'W08']",0.044226493238415154
U0404,occasional,0.2016297420825527,0.09850594039490987,"['W02', 'W06', 'W07', 'W03', 'W01']",-0.00864971475543029
U0405,regular,0.877528821345186,0.5312413137373244,"['W06', 'W03', 'W05']",0.0167760591603153
U0406,occasional,0.2256050619655226,0.07206469571500002,"['W07', 'W04', 'W08', 'W05', 'W06', 'W03']",0.025701216162170706
U0407,regular,0.9035935078852118,0.5976991265319811,"['W04', 'W03', 'W06']",0.042130751221297544
U0408,regular,0.9083190804277097,0.618568036101622,"['W01', 'W08', 'W02']",0.04156722322616499
U0409,high_spender,0.3732628984465793,0.24925720376210633,"['W03', 'W04', 'W08']",0.253601965672201
U0410,regular,0.909677641996169,0.6003151399835897,"['W06', 'W02']",-0.02837729908722203
U0411,regular,0.919121180938654,0.6206079110106566,"['W02', 'W01']",0.04753431334790706
U0412,high_spender,0.41339478145436737,0.3705094842491941,"['W03', 'W04', 'W08']",0.29069478471508414
U0413,high_spender,0.26702069722395705,0.2771195185026667,"['W03', 'W04', 'W08']",0.1606552333566003
U0414,moderate,0.49215862031000573,0.3458731554075345,"['W07', 'W01', 'W03', 'W08']",0.053522175761032104
U0415,moderate,0.6435522930539124,0.3879480973015817,"['W07', 'W01', 'W04', 'W02', 'W05']",0.010215527110436343
U0416,moderate,0.5207393373161469,0.3604958058335853,"['W03', 'W01', 'W05']",0.07854020116509336
U0417,regular,0.8771365963539011,0.5197165854044825,"['W01', 'W08']",0.0005508760389863893
U0418,regular,0.86440787860132,0.6247996971057964,"['W02', 'W05', 'W08']",-0.010429203642620746
U0419,moderate,0.5930372909560483,0.3563838085809458,"['W03', 'W07', 'W02', 'W04']",0.07909501690771743
U0420,occasional,0.19963025696076786,0.07590197407308083,"['W06', 'W05', 'W07', 'W03', 'W02', 'W04', 'W08']",-0.028204590815450556
U0421,occasional,0.19840825329635559,0.12274525108049446,"['W06', 'W05', 'W02', 'W08', 'W03']",-0.043894358375382664
U0422,occasional,0.16809848667995486,0.1491181046277329,"['W04', 'W06', 'W03', 'W02', 'W08', 'W07', 'W01']",-0.01627540866718684
U0423,regular,0.8989624462050244,0.6289490497153637,"['W06', 'W02', 'W03']",-0.036834641120674166
U0424,moderate,0.6209406900186395,0.33306045722759225,"['W01', 'W07', 'W06', 'W08', 'W02']",0.07198361600508943
U0425,regular,0.946992652534519,0.6142520939874194,"['W01', 'W05']",0.005678491092818795
U0426,moderate,0.619024170299207,0.45918527742870047,"['W08', 'W06', 'W03', 'W02']",-0.001042791883018767
U0427,moderate,0.45013067815225993,0.47413380682510353,"['W06', 'W03', 'W02', 'W08']",0.0204155954046333
U0428,occasional,0.15268290810231713,0.06219094841341215,"['W01', 'W04', 'W07', 'W06']",-0.05717049701737262
U0429,regular,0.8738146653665696,0.681686910375875,"['W06', 'W02']",0.02604243116824717
U0430,regular,0.9012922164774766,0.6408166542642678,"['W06', 'W04']",0.026289333555436417
U0431,regular,0.8545452500435796,0.6293200887897323,"['W05', 'W06']",-0.04497569901770179
U0432,occasional,0.10523673289843358,0.12165079504912837,"['W07', 'W02', 'W05', 'W03', 'W04', 'W08']",-0.05629491652456939
U0433,moderate,0.5172014117980217,0.3931365083524559,"['W04', 'W05', 'W08']",0.05815903538452491
U0434,regular,0.8892093576904573,0.6501539298422111,"['W05', 'W03']",0.033506594545502005
U0435,regular,0.9427355180586297,0.5731771619113761,"['W02', 'W04', 'W06']",-0.015491625448676626
U0436,occasional,0.10451558083169785,0.17499400219463457,"['W05', 'W08', 'W06', 'W02', 'W01']",-0.04506953297166527
U0437,regular,0.9348109235015629,0.6894322925800496,"['W07', 'W05']",0.04633603204460379
U0438,occasional,0.1015426743903538,0.14308649652147878,"['W01', 'W06', 'W05']",-0.0713166656758789
U0439,occasional,0.16641972048156062,0.08393630841053026,"['W07', 'W03', 'W05', 'W06']",-0.06186267457783477
U0440,regular,0.8739989363869958,0.6420265281129074,"['W04', 'W02']",-0.031060658211515393
U0441,regular,0.8505026552609802,0.5120192820756341,"['W06', 'W07']",0.025704811469862546
U0442,high_spender,0.26112110433609215,0.20137559244392989,"['W03', 'W04', 'W08']",0.18186709157932093
U0443,regular,0.9163523593913452,0.5822394977765092,"['W01', 'W06', 'W03']",-0.018612192348497272
U0444,regular,0.9191055812739262,0.5543266362548739,"['W07', 'W05']",0.03309491710550684
U0445,occasional,0.11798366402090682,0.14554036016133626,"['W01', 'W03', 'W08']",0.0007271443882795464
U0446,high_spender,0.3764476301735722,0.31672100740161996,"['W03', 'W04', 'W08']",0.20851803520325088
U0447,high_spender,0.3210263295507625,0.2090498378037776,"['W03', 'W04', 'W08']",0.18268630623780202
U0448,occasional,0.10227653234302404,0.1255842237256627,"['W01', 'W05', 'W02', 'W08', 'W07', 'W06', 'W03']",-0.04405258235564449
U0449,regular,0.8510811083635196,0.6653102148382928,"['W06', 'W04']",-0.038129090449088854
U0450,regular,0.9480568227060723,0.5429391774926711,"['W05', 'W06']",0.0032291875951454413
U0451,occasional,0.11548975133125727,0.07242810400302707,"['W01', 'W03', 'W04', 'W02', 'W06']",-0.051436207715454464
U0452,moderate,0.6439447265595954,0.3862467739583116,"['W08', 'W03', 'W05', 'W06', 'W01']",-0.005991414003689754
U0453,moderate,0.6478863531559264,0.41488735117444114,"['W05', 'W04', 'W03']",-0.021591615285660753
U0454,high_spender,0.4291768362385319,0.35878587717199295,"['W03', 'W04', 'W08']",0.17374558501584214
U0455,regular,0.8551785888732817,0.6114621150628616,"['W07', 'W04']",-0.03173276157603319
U0456,moderate,0.47791977347196,0.4152944875115508,"['W06', 'W02', 'W08']",-0.016949185768426165
U0457,regular,0.943374942300147,0.6367732903670686,"['W01', 'W03']",0.015416015428609847
U0458,moderate,0.5738478064107163,0.3664219566616249,"['W02', 'W01', 'W07']",0.05509293119037924
U0459,regular,0.8544040379388465,0.6386670307469413,"['W01', 'W05']",-0.04532141550282315
U0460,regular,0.8819652055292062,0.587635343333271,"['W05', 'W07']",0.017582292510407355
U0461,regular,0.9158159824297574,0.5140216279282513,"['W01', 'W08']",-0.008081712409787868
U0462,moderate,0.48364073115330364,0.4758660431356948,"['W04', 'W02', 'W05', 'W07', 'W01']",0.06747999493422796
U0463,occasional,0.24014561712512353,0.1691346707891686,"['W07', 'W06', 'W04', 'W08']",-0.005481812164887606
U0464,moderate,0.5356915807697591,0.4462992928086278,"['W04', 'W03', 'W08', 'W01', 'W02']",0.011694453392133854
U0465,high_spender,0.4330121465034445,0.2502338535096803,"['W03', 'W04', 'W08']",0.27663184879292146
U0466,regular,0.8984020572509404,0.6028190885102519,"['W01', 'W08']",-0.04936209565934094
U0467,regular,0.9478354787056856,0.6931494419639495,"['W07', 'W06', 'W02']",0.030543004304597915
U0468,occasional,0.2420134367038361,0.10202759586045737,"['W04', 'W06', 'W08', 'W01', 'W07']",-0.004314988721845825
U0469,regular,0.8620387578789088,0.687705956694626,"['W01', 'W08']",0.02762904775159479
U0470,high_spender,0.27610025282343686,0.3130839935215485,"['W03', 'W04', 'W08']",0.21633784147793386
U0471,regular,0.9297211072578763,0.6448465095223899,"['W05', 'W04', 'W03']",-0.016437672702208826
U0472,high_spender,0.26536148821385624,0.24699885550693834,"['W03', 'W04', 'W08']",0.2745226474496877
U0473,regular,0.9448251537790079,0.5609204711548381,"['W05', 'W03']",-0.04493775277309259
U0474,occasional,0.10590877505392292,0.12461348258897137,"['W06', 'W01', 'W07', 'W04']",0.006610915396420031
U0475,moderate,0.5112865645406743,0.3080516006018464,"['W08', 'W01', 'W03']",0.048038275109737225
U0476,high_spender,0.3042984005085423,0.38084865828151304,"['W03', 'W04', 'W08']",0.20620829557610645
U0477,regular,0.9049868562776204,0.5101146207648458,"['W02', 'W04', 'W08']",-0.027392092898943732
U0478,moderate,0.6134610624426473,0.4860796840338651,"['W01', 'W06', 'W03', 'W02']",0.006519812366154169
U0479,high_spender,0.3825592548419443,0.3741267762966981,"['W03', 'W04', 'W08']",0.26386303988334575
U0480,moderate,0.595505846045019,0.39687823712016984,"['W08', 'W07', 'W01', 'W02', 'W05']",0.002603120756281177
U0481,moderate,0.6321605341939627,0.4094829680759452,"['W03', 'W01', 'W08']",0.06100922103087601
U0482,moderate,0.5669677263377764,0.36750649317676376,"['W01', 'W07', 'W02', 'W04']",0.06852589386932782
U0483,moderate,0.5094574408562653,0.3459987507926481,"['W03', 'W02', 'W05', 'W07', 'W01']",0.06067854919742845
U0484,moderate,0.5293984324414949,0.33126339414177214,"['W08', 'W07', 'W01', 'W04']",-0.021064740171266007
U0485,moderate,0.6485163590975527,0.33124030158611983,"['W06', 'W05', 'W08', 'W01', 'W07']",0.04016920620082577
U0486,high_spender,0.447034911018135,0.35360108706264193,"['W03', 'W04', 'W08']",0.21515422472118265
U0487,regular,0.8946441921796549,0.623754415408201,"['W02', 'W07', 'W08']",0.005619069263001167
U0488,regular,0.9279516701424063,0.5032400794678934,"['W02', 'W08', 'W05']",-0.028968144371420635
U0489,high_spender,0.4030726727716082,0.25060526818405066,"['W03', 'W04', 'W08']",0.2798343574758305
U0490,occasional,0.11542638882362151,0.06637417552931657,"['W01', 'W02', 'W06', 'W04']",0.017853428016354145
U0491,moderate,0.6387856566952916,0.45316580784698196,"['W03', 'W05', 'W01', 'W02']",-0.005110032699649516
U0492,moderate,0.5884708612308829,0.34666656452986533,"['W04', 'W05', 'W07']",-0.01559288827064085
U0493,regular,0.9105996967271025,0.6698892812451471,"['W04', 'W08']",-0.016802849526415455
U0494,regular,0.8965336933939486,0.5027364829521362,"['W05', 'W03', 'W08']",0.0048145202728022
U0495,moderate,0.4849294371792659,0.3591864058873232,"['W04', 'W07', 'W08', 'W03', 'W05']",-0.011750887319213511
U0496,regular,0.8524684157224585,0.5725507200798304,"['W01', 'W03', 'W07']",-0.03493125129991662
U0497,moderate,0.6203188638608439,0.4982907135685584,"['W03', 'W02', 'W01', 'W08']",0.04439971746599965
U0498,regular,0.9179633182395144,0.6891849288064172,"['W08', 'W02']",-0.037222534721000955
U0499,high_spender,0.33847330662048375,0.20849398185130663,"['W03', 'W04', 'W08']",0.2526939291397449
U0500,high_spender,0.43054110208907126,0.36745260142770175,"['W03', 'W04', 'W08']",0.16910542101718215
